date,time,spot,bbZone,bbLower,bbMid,bbUpper,pctB,distLower,distUpper,tf15,tf5,tf3,tf1,tfPack,candle,spotChg1,callOiL,putOiL,callAct,putAct,oiDecision,stackedRule,note
2026-08-12,09:46,24418.4,BOTTOM,24415.92,24437.95,24459.98,0.056,2.5,-41.6,Bear,Bear,Bear,Bear,4Bear,red,-9.85,-65.87L,+2.29L,Call long unwind,Put buying,WAIT,NO,Opposite: 4 Bear at BOTTOM
2026-08-12,09:47,24412.05,BOTTOM,24411.81,24436.39,24460.97,0.005,0.2,-48.9,Bear,Bear,Bear,Bear,4Bear,red,-6.35,+2.51L,-4.15L,Call writing,Put short cover,WAIT,NO,Opposite: 4 Bear at BOTTOM
2026-08-12,09:48,24405.8,BOTTOM,24408.57,24433.57,24458.57,-0.055,-2.8,-52.8,Bear,Bear,Bear,Bear,4Bear,red,-6.25,+7.44L,-12.45L,Call writing,Put short cover,WAIT,NO,Opposite: 4 Bear at BOTTOM
2026-08-12,09:49,24404.4,BOTTOM,24405.71,24430.81,24455.91,-0.026,-1.3,-51.5,Bear,Bear,Bear,Bear,4Bear,red,-1.4,+8.57L,-9.59L,Call writing,Put short cover,WAIT,NO,Opposite: 4 Bear at BOTTOM
2026-08-12,09:50,24402.55,BOTTOM,24403.25,24428.06,24452.86,-0.014,-0.7,-50.3,Bear,Bear,Bear,Bear,4Bear,red,-1.85,0.00L,0.00L,Call flat,Put flat,WAIT,NO,Opposite: 4 Bear at BOTTOM
2026-08-12,09:51,24393.75,BOTTOM,24397.48,24425.71,24453.94,-0.066,-3.7,-60.2,Bear,Bear,Bear,Bear,4Bear,red,-8.8,+7.60L,-7.67L,Call writing,Put short cover,WAIT,NO,Opposite: 4 Bear at BOTTOM
2026-08-12,09:58,24391.45,BOTTOM,24387.12,24413.91,24440.7,0.081,4.3,-49.3,Bear,Bear,Bear,Bear,4Bear,red,-11.55,+1.51L,-1.36L,Call writing,Put short cover,WAIT,NO,Opposite: 4 Bear at BOTTOM
2026-08-12,09:59,24382.2,BOTTOM,24382.18,24411.76,24441.35,0,0,-59.1,Bear,Bear,Bear,Bear,4Bear,red,-9.25,+0.41L,-1.36L,Call writing,Put short cover,WAIT,NO,Opposite: 4 Bear at BOTTOM
2026-08-12,10:00,24377.9,BOTTOM,24377.15,24409.31,24441.47,0.012,0.8,-63.6,Bear,Bear,Bear,Bear,4Bear,red,-4.3,+5.08L,-12.70L,Call writing,Put short cover,WAIT,NO,Opposite: 4 Bear at BOTTOM
2026-08-12,10:01,24374.4,BOTTOM,24372.9,24406.31,24439.71,0.022,1.5,-65.3,Bear,Bear,Bear,Bear,4Bear,red,-3.5,-27.10L,+32.90L,Call long unwind,Put buying,WAIT,NO,Opposite: 4 Bear at BOTTOM
2026-08-12,10:02,24373.8,BOTTOM,24369.58,24403.3,24437.01,0.063,4.2,-63.2,Bear,Bear,Bear,Bear,4Bear,red,-0.6,+5.20L,-5.31L,Call writing,Put short cover,WAIT,NO,Opposite: 4 Bear at BOTTOM
2026-08-12,10:04,24365.25,BOTTOM,24363.4,24397,24430.6,0.027,1.8,-65.3,Bear,Bear,Bear,Bear,4Bear,red,-7.4,+4.11L,-2.97L,Call writing,Put short cover,WAIT,NO,Opposite: 4 Bear at BOTTOM
2026-08-12,10:05,24364.8,BOTTOM,24360.65,24393.83,24427.01,0.063,4.1,-62.2,Bear,Bear,Bear,Flat,Mixed,red,-0.45,+4.02L,-3.84L,Call writing,Put short cover,WAIT,NO,"BB hit, TFs mixed"
2026-08-12,10:19,24377.15,TOP,24356.92,24367.42,24377.93,0.963,20.2,-0.8,Bull,Bull,Bull,Bull,4Bull,green,6.9,+39.04L,-33.85L,Call long build,Put long unwind,WAIT,NO,Opposite: 4 Bull at TOP
2026-08-12,10:20,24373.15,TOP,24357.45,24367.19,24376.92,0.806,15.7,-3.8,Bull,Bull,Bull,Bear,Mixed,red,-4,-36.24L,+33.07L,Call long unwind,Put buying,WAIT,NO,"BB hit, TFs mixed"
2026-08-12,10:21,24374.7,TOP,24357.42,24367.2,24376.98,0.884,17.3,-2.3,Bull,Bull,Bull,Bull,4Bull,green,1.55,+0.95L,+3.71L,Call long build,Put writing,CALL BUY,NO,Opposite: 4 Bull at TOP
2026-08-12,10:22,24377.65,TOP,24356.97,24367.39,24377.81,0.992,20.7,-0.2,Bull,Bull,Flat,Bull,Mixed,green,2.95,+39.12L,-32.13L,Call long build,Put long unwind,WAIT,NO,"BB hit, TFs mixed"
2026-08-12,10:23,24375.7,TOP,24356.74,24367.55,24378.35,0.877,19,-2.6,Bull,Bull,Bull,Bear,Mixed,red,-1.95,+1.87L,+3.92L,Call writing,Put buying,PUT BUY,NO,"BB hit, TFs mixed"
2026-08-12,10:24,24376.5,TOP,24356.69,24368.11,24379.53,0.867,19.8,-3,Bull,Bear,Bull,Bull,Mixed,green,0.8,+1.99L,+1.24L,Call long build,Put writing,WAIT,NO,"BB hit, TFs mixed"
2026-08-12,10:25,24375.85,TOP,24356.87,24368.66,24380.45,0.805,19,-4.6,Bull,Bull,Bear,Bear,Mixed,red,-0.65,+0.78L,+1.11L,Call writing,Put buying,WAIT,NO,"BB hit, TFs mixed"
2026-08-12,10:26,24380.2,TOP,24356.8,24369.44,24382.09,0.925,23.4,-1.9,Bull,Bull,Bull,Bull,4Bull,green,4.35,+0.63L,+2.48L,Call long build,Put writing,WAIT,NO,Opposite: 4 Bull at TOP
2026-08-12,10:27,24379.65,TOP,24356.91,24370.16,24383.4,0.858,22.7,-3.8,Bull,Bull,Bull,Bear,Mixed,red,-0.55,+0.74L,+1.23L,Call writing,Put buying,WAIT,NO,"BB hit, TFs mixed"
2026-08-12,10:32,24382,TOP,24361.94,24373.26,24384.57,0.886,20.1,-2.6,Bull,Bull,Bull,Bull,4Bull,green,6.75,+1.03L,+1.14L,Call long build,Put writing,WAIT,NO,Opposite: 4 Bull at TOP
2026-08-12,10:33,24389.75,TOP,24361.52,24374.44,24387.35,1.093,28.2,2.4,Bull,Bull,Bull,Bull,4Bull,green,7.75,-1.77L,+1.17L,Call short cover,Put writing,WAIT,NO,Opposite: 4 Bull at TOP
2026-08-12,10:34,24398.55,TOP,24359.92,24376.04,24392.17,1.198,38.6,6.4,Bull,Bull,Bull,Bull,4Bull,green,8.8,-6.12L,-3.47L,Call short cover,Put long unwind,WAIT,NO,Opposite: 4 Bull at TOP
2026-08-12,10:35,24395.3,TOP,24360.18,24377.55,24394.91,1.011,35.1,0.4,Bull,Bull,Bull,Bear,Mixed,red,-3.25,-9.55L,-0.67L,Call long unwind,Put short cover,WAIT,NO,"BB hit, TFs mixed"
2026-08-12,10:36,24394.9,TOP,24362.1,24379.25,24396.4,0.956,32.8,-1.5,Bull,Bull,Bull,Flat,Mixed,red,-0.4,-3.16L,+1.56L,Call long unwind,Put buying,WAIT,NO,"BB hit, TFs mixed"
2026-08-12,10:46,24368.55,BOTTOM,24366.59,24382.6,24398.61,0.061,2,-30.1,Bear,Bear,Bear,Bear,4Bear,red,-7.1,-39.53L,+32.82L,Call long unwind,Put buying,WAIT,NO,Opposite: 4 Bear at BOTTOM
2026-08-12,10:47,24368.6,BOTTOM,24364.94,24382.05,24399.15,0.107,3.7,-30.6,Bear,Bear,Bear,Flat,Mixed,green,0.05,+1.44L,-1.52L,Call long build,Put long unwind,WAIT,NO,"BB hit, TFs mixed"
2026-08-12,10:48,24359.9,BOTTOM,24362.03,24381.37,24400.71,-0.055,-2.1,-40.8,Bear,Bear,Bear,Bear,4Bear,red,-8.7,+2.50L,-0.09L,Call writing,Put short cover,WAIT,NO,Opposite: 4 Bear at BOTTOM
2026-08-12,10:49,24354.65,BOTTOM,24357.73,24380.26,24402.8,-0.068,-3.1,-48.1,Bear,Bear,Bear,Bear,4Bear,red,-5.25,+0.82L,-6.16L,Call writing,Put short cover,WAIT,NO,Opposite: 4 Bear at BOTTOM
2026-08-12,10:50,24358.75,BOTTOM,24355.25,24379.53,24403.8,0.072,3.5,-45,Bear,Bear,Bear,Bull,Mixed,green,4.1,+3.63L,-3.11L,Call long build,Put long unwind,WAIT,NO,"BB hit, TFs mixed"
2026-08-12,10:57,24348.2,BOTTOM,24344.18,24368.47,24392.77,0.083,4,-44.6,Bear,Bear,Bear,Bear,4Bear,red,-8.7,+0.79L,+1.60L,Call writing,Put buying,WAIT,NO,Opposite: 4 Bear at BOTTOM
2026-08-12,10:58,24343.95,BOTTOM,24341.76,24366.16,24390.56,0.045,2.2,-46.6,Bear,Bear,Bear,Bear,4Bear,red,-4.25,+1.12L,+1.17L,Call writing,Put buying,WAIT,NO,Opposite: 4 Bear at BOTTOM
2026-08-12,10:59,24327.3,BOTTOM,24335.16,24363.26,24391.35,-0.14,-7.9,-64,Bear,Bear,Bear,Bear,4Bear,red,-16.65,+2.51L,-9.82L,Call writing,Put short cover,WAIT,NO,Opposite: 4 Bear at BOTTOM
2026-08-12,11:00,24319.5,BOTTOM,24327.91,24359.93,24391.96,-0.131,-8.4,-72.5,Bear,Bear,Bear,Bear,4Bear,red,-7.8,-121.90L,-53.92L,Call long unwind,Put short cover,WAIT,NO,Opposite: 4 Bear at BOTTOM
2026-08-12,11:01,24314.05,BOTTOM,24320.56,24356.48,24392.4,-0.091,-6.5,-78.4,Bear,Bear,Bear,Bear,4Bear,red,-5.45,+6.49L,+4.48L,Call writing,Put buying,PUT BUY,NO,Opposite: 4 Bear at BOTTOM
2026-08-12,11:02,24309.8,BOTTOM,24313.32,24353.01,24392.71,-0.044,-3.5,-82.9,Bear,Bear,Bear,Bear,4Bear,red,-4.25,+6.33L,+2.17L,Call writing,Put buying,WAIT,NO,Opposite: 4 Bear at BOTTOM
2026-08-12,11:03,24304,BOTTOM,24305.94,24349.34,24392.75,-0.022,-1.9,-88.8,Bear,Bear,Bear,Bear,4Bear,red,-5.8,+7.31L,+0.30L,Call writing,Put buying,WAIT,NO,Opposite: 4 Bear at BOTTOM
2026-08-12,11:04,24298.55,BOTTOM,24298.9,24345.3,24391.69,-0.004,-0.4,-93.1,Bear,Bear,Bear,Bear,4Bear,red,-5.45,+5.26L,+0.78L,Call writing,Put buying,WAIT,NO,Opposite: 4 Bear at BOTTOM
2026-08-12,11:21,24309.55,TOP,24295.54,24304.44,24313.34,0.787,14,-3.8,Bull,Bull,Bull,Bull,4Bull,green,1.45,+0.03L,+1.20L,Call long build,Put writing,WAIT,NO,Opposite: 4 Bull at TOP
2026-08-12,11:23,24309.85,TOP,24295.61,24304.64,24313.68,0.788,14.2,-3.8,Bull,Bull,Bull,Bull,4Bull,green,1.85,-1.44L,+1.70L,Call short cover,Put writing,WAIT,NO,Opposite: 4 Bull at TOP
2026-08-12,11:24,24317.9,TOP,24295.33,24305.61,24315.89,1.098,22.6,2,Bull,Bull,Bull,Bull,4Bull,green,8.05,-0.86L,-0.54L,Call short cover,Put long unwind,WAIT,NO,Opposite: 4 Bull at TOP
2026-08-12,11:28,24299.05,BOTTOM,24296.43,24305.99,24315.55,0.137,2.6,-16.5,Bear,Bear,Bear,Bear,4Bear,red,-5.95,+1.53L,-0.31L,Call writing,Put short cover,WAIT,NO,Opposite: 4 Bear at BOTTOM
2026-08-12,11:29,24300.75,BOTTOM,24296.37,24305.97,24315.57,0.228,4.4,-14.8,Flat,Bear,Bear,Bull,Mixed,green,1.7,-0.70L,-0.11L,Call short cover,Put long unwind,WAIT,NO,"BB hit, TFs mixed"
2026-08-12,11:30,24296.6,BOTTOM,24295.05,24305.48,24315.91,0.074,1.5,-19.3,Bear,Bear,Bear,Bear,4Bear,red,-4.15,+1.98L,+0.98L,Call writing,Put buying,WAIT,NO,Opposite: 4 Bear at BOTTOM
2026-08-12,11:31,24289.1,BOTTOM,24292.1,24304.36,24316.63,-0.122,-3,-27.5,Bear,Bear,Bear,Bear,4Bear,red,-7.5,-0.10L,-1.87L,Call long unwind,Put short cover,WAIT,NO,Opposite: 4 Bear at BOTTOM
2026-08-12,11:32,24292.2,BOTTOM,24290.74,24303.28,24315.82,0.058,1.5,-23.6,Bear,Bear,Bear,Bull,Mixed,green,3.1,+1.83L,+1.18L,Call long build,Put writing,WAIT,NO,"BB hit, TFs mixed"
2026-08-12,11:33,24294.7,BOTTOM,24290.03,24303.03,24316.04,0.18,4.7,-21.3,Bear,Bear,Bear,Bull,Mixed,green,2.5,+1.21L,-1.35L,Call long build,Put long unwind,WAIT,NO,"BB hit, TFs mixed"
2026-08-12,11:34,24293.3,BOTTOM,24288.98,24302.65,24316.31,0.158,4.3,-23,Bear,Bear,Bull,Bear,Mixed,red,-1.4,+0.51L,-1.72L,Call writing,Put short cover,WAIT,NO,"BB hit, TFs mixed"
2026-08-12,11:40,24287.55,BOTTOM,24283.88,24299.52,24315.16,0.117,3.7,-27.6,Bear,Bear,Bear,Bear,4Bear,red,-2.95,-0.28L,-3.86L,Call long unwind,Put short cover,WAIT,NO,Opposite: 4 Bear at BOTTOM
2026-08-12,11:41,24279.95,BOTTOM,24280.94,24298.04,24315.14,-0.029,-1,-35.2,Bear,Bear,Bear,Bear,4Bear,red,-7.6,+0.84L,-2.43L,Call writing,Put short cover,WAIT,NO,Opposite: 4 Bear at BOTTOM
2026-08-12,11:42,24283.75,BOTTOM,24279.29,24296.83,24314.36,0.127,4.5,-30.6,Bear,Bear,Bear,Bull,Mixed,green,3.8,+1.85L,+1.15L,Call long build,Put writing,WAIT,NO,"BB hit, TFs mixed"
2026-08-12,11:54,24282.75,BOTTOM,24279.47,24290.04,24300.61,0.155,3.3,-17.9,Bear,Bear,Bear,Bear,4Bear,red,-5.4,+0.55L,+0.12L,Call writing,Put buying,WAIT,NO,Opposite: 4 Bear at BOTTOM
2026-08-12,11:55,24283.4,BOTTOM,24279.64,24289.12,24298.61,0.198,3.8,-15.2,Bear,Bear,Bear,Bull,Mixed,green,0.65,+0.86L,-0.13L,Call long build,Put long unwind,WAIT,NO,"BB hit, TFs mixed"
2026-08-12,11:56,24280.65,BOTTOM,24278.74,24288.35,24297.96,0.099,1.9,-17.3,Bull,Bear,Bear,Bear,Mixed,red,-2.75,-0.30L,-1.86L,Call long unwind,Put short cover,WAIT,NO,"BB hit, TFs mixed"
2026-08-12,11:58,24282.75,BOTTOM,24278.23,24287.21,24296.19,0.252,4.5,-13.4,Bear,Bear,Bear,Bear,4Bear,red,-1.15,+2.29L,+0.18L,Call writing,Put buying,WAIT,NO,Opposite: 4 Bear at BOTTOM
2026-08-12,11:59,24277.7,BOTTOM,24276.83,24286.57,24296.31,0.045,0.9,-18.6,Bear,Bear,Bear,Bear,4Bear,red,-5.05,+2.10L,-0.04L,Call writing,Put short cover,WAIT,NO,Opposite: 4 Bear at BOTTOM
2026-08-12,12:00,24279.15,BOTTOM,24275.9,24286.15,24296.4,0.159,3.3,-17.3,Bear,Bear,Bear,Bull,Mixed,green,1.45,+0.77L,+0.06L,Call long build,Put writing,WAIT,NO,"BB hit, TFs mixed"
2026-08-12,12:01,24279.5,BOTTOM,24275.82,24286.13,24296.43,0.178,3.7,-16.9,Bear,Bear,Bear,Flat,Mixed,green,0.35,+1.11L,+0.03L,Call long build,Put writing,WAIT,NO,"BB hit, TFs mixed"
2026-08-12,12:02,24279.1,BOTTOM,24275.18,24285.9,24296.61,0.183,3.9,-17.5,Bear,Bear,Bull,Flat,Mixed,red,-0.4,+0.63L,+0.80L,Call writing,Put buying,WAIT,NO,"BB hit, TFs mixed"
2026-08-12,12:03,24277.85,BOTTOM,24274.31,24285.57,24296.83,0.157,3.5,-19,Bear,Bear,Bear,Bear,4Bear,red,-1.25,+2.14L,-1.10L,Call writing,Put short cover,WAIT,NO,Opposite: 4 Bear at BOTTOM
2026-08-12,12:04,24278.3,BOTTOM,24273.52,24285.22,24296.92,0.204,4.8,-18.6,Bear,Bull,Bear,Flat,Mixed,green,0.45,-0.53L,+0.57L,Call short cover,Put writing,WAIT,NO,"BB hit, TFs mixed"
2026-08-12,12:05,24272.3,BOTTOM,24271.9,24284.13,24296.36,0.016,0.4,-24.1,Bear,Bear,Bear,Bear,4Bear,red,-6,-59.41L,+9.43L,Call long unwind,Put buying,PUT BUY,NO,Opposite: 4 Bear at BOTTOM
2026-08-12,12:08,24275.55,BOTTOM,24271.58,24281.83,24292.09,0.194,4,-16.5,Bear,Bear,Bull,Bear,Mixed,red,-4.2,-1.11L,+0.13L,Call long unwind,Put buying,WAIT,NO,"BB hit, TFs mixed"
2026-08-12,12:09,24276.2,BOTTOM,24271.71,24281.03,24290.34,0.241,4.5,-14.1,Bear,Bear,Bear,Bull,Mixed,green,0.65,+1.16L,+0.88L,Call long build,Put writing,WAIT,NO,"BB hit, TFs mixed"
2026-08-12,12:10,24273.3,BOTTOM,24271.45,24280.14,24288.83,0.106,1.8,-15.5,Bear,Bull,Bear,Bear,Mixed,red,-2.9,-58.76L,+9.14L,Call long unwind,Put buying,PUT BUY,NO,"BB hit, TFs mixed"
2026-08-12,12:11,24271.45,BOTTOM,24270.6,24279.32,24288.04,0.049,0.9,-16.6,Bear,Bear,Bear,Bear,4Bear,red,-1.85,+1.52L,+0.43L,Call writing,Put buying,WAIT,NO,Opposite: 4 Bear at BOTTOM
2026-08-12,12:12,24274.75,BOTTOM,24270.53,24278.71,24286.89,0.258,4.2,-12.1,Bear,Bear,Bear,Bull,Mixed,green,3.3,+1.93L,-0.44L,Call long build,Put long unwind,WAIT,NO,"BB hit, TFs mixed"
2026-08-12,12:13,24273.6,BOTTOM,24270.76,24277.98,24285.2,0.197,2.8,-11.6,Bear,Bear,Flat,Bear,Mixed,red,-1.15,+1.35L,-0.52L,Call writing,Put short cover,WAIT,NO,"BB hit, TFs mixed"
2026-08-12,12:14,24269.75,BOTTOM,24269.62,24277.33,24285.04,0.009,0.1,-15.3,Bear,Bear,Bear,Bear,4Bear,red,-3.85,+0.80L,-1.85L,Call writing,Put short cover,WAIT,NO,Opposite: 4 Bear at BOTTOM
2026-08-12,12:15,24267.9,BOTTOM,24268.34,24276.56,24284.77,-0.027,-0.4,-16.9,Bear,Bear,Bear,Bear,4Bear,red,-1.85,-1.07L,-2.19L,Call long unwind,Put short cover,WAIT,NO,Opposite: 4 Bear at BOTTOM
2026-08-12,12:18,24277.35,TOP,24269.03,24275.6,24282.16,0.633,8.3,-4.8,Flat,Bull,Bull,Bull,Mixed,green,0.9,+0.45L,+1.00L,Call long build,Put writing,WAIT,NO,"BB hit, TFs mixed"
2026-08-12,12:19,24279.95,TOP,24268.93,24275.71,24282.49,0.813,11,-2.5,Bull,Bull,Bull,Bull,4Bull,green,2.6,+1.54L,+0.21L,Call long build,Put writing,WAIT,NO,Opposite: 4 Bull at TOP
2026-08-12,12:20,24277.35,TOP,24268.98,24275.62,24282.26,0.63,8.4,-4.9,Bull,Bull,Bull,Bear,Mixed,red,-2.6,+0.28L,+1.57L,Call writing,Put buying,WAIT,NO,"BB hit, TFs mixed"
2026-08-12,12:22,24277.15,TOP,24269.11,24275.34,24281.58,0.645,8,-4.4,Bear,Bull,Bear,Bull,Mixed,green,1.25,-0.17L,+0.09L,Call short cover,Put writing,WAIT,NO,"BB hit, TFs mixed"
2026-08-12,12:24,24273.8,BOTTOM,24268.94,24274.93,24280.93,0.406,4.9,-7.1,Bear,Bear,Bear,Flat,Mixed,red,-0.35,+1.79L,-1.14L,Call writing,Put short cover,WAIT,NO,"BB hit, TFs mixed"
2026-08-12,12:26,24275.8,TOP,24269.22,24274.98,24280.75,0.571,6.6,-5,Bull,Flat,Bull,Bull,Mixed,green,0.65,-0.03L,+1.33L,Call short cover,Put writing,WAIT,NO,"BB hit, TFs mixed"
2026-08-12,12:27,24278.65,TOP,24269.33,24274.93,24280.53,0.832,9.3,-1.9,Bull,Bull,Bull,Bull,4Bull,green,2.85,-0.05L,+0.50L,Call short cover,Put writing,WAIT,NO,Opposite: 4 Bull at TOP
2026-08-12,12:28,24276.45,TOP,24269.34,24274.97,24280.61,0.631,7.1,-4.2,Bull,Bull,Bull,Bear,Mixed,red,-2.2,-0.34L,+0.26L,Call long unwind,Put buying,WAIT,NO,"BB hit, TFs mixed"
2026-08-12,12:29,24279.2,TOP,24269.21,24275.12,24281.03,0.845,10,-1.8,Bull,Bull,Bull,Bull,4Bull,green,2.75,+0.19L,+1.21L,Call long build,Put writing,WAIT,NO,Opposite: 4 Bull at TOP
2026-08-12,12:30,24281.4,TOP,24269.09,24275.53,24281.97,0.956,12.3,-0.6,Bull,Bull,Bull,Bull,4Bull,green,2.2,+0.43L,+0.40L,Call long build,Put writing,WAIT,NO,Opposite: 4 Bull at TOP
2026-08-12,12:31,24279.6,TOP,24269.55,24275.94,24282.32,0.787,10,-2.7,Bull,Bull,Bull,Bear,Mixed,red,-1.8,+0.97L,-0.29L,Call writing,Put short cover,WAIT,NO,"BB hit, TFs mixed"
2026-08-12,12:32,24280.75,TOP,24269.54,24276.24,24282.93,0.837,11.2,-2.2,Bull,Bull,Bull,Bull,4Bull,green,1.15,+1.61L,-0.46L,Call long build,Put long unwind,WAIT,NO,Opposite: 4 Bull at TOP
2026-08-12,12:33,24281.45,TOP,24269.68,24276.63,24283.57,0.847,11.8,-2.1,Bull,Bull,Flat,Bull,Mixed,green,0.7,+1.02L,+0.35L,Call long build,Put writing,WAIT,NO,"BB hit, TFs mixed"
2026-08-12,12:34,24288.45,TOP,24269.61,24277.56,24285.51,1.185,18.8,2.9,Bull,Bull,Bull,Bull,4Bull,green,7,-1.93L,-0.74L,Call short cover,Put long unwind,WAIT,NO,Opposite: 4 Bull at TOP
2026-08-12,12:35,24289.05,TOP,24270.47,24278.62,24286.77,1.14,18.6,2.3,Bull,Bull,Bull,Bull,4Bull,green,0.6,-3.18L,-0.97L,Call short cover,Put long unwind,WAIT,NO,Opposite: 4 Bull at TOP
2026-08-12,12:36,24287.75,TOP,24270.47,24279.29,24288.11,0.98,17.3,-0.4,Bull,Bull,Bull,Bear,Mixed,red,-1.3,-0.56L,+0.71L,Call long unwind,Put buying,WAIT,NO,"BB hit, TFs mixed"
2026-08-12,12:37,24286.5,TOP,24270.55,24279.79,24289.04,0.863,16,-2.5,Bull,Bull,Bear,Bear,Mixed,red,-1.25,-0.75L,+1.61L,Call long unwind,Put buying,WAIT,NO,"BB hit, TFs mixed"
2026-08-12,12:38,24285.4,TOP,24270.71,24280.19,24289.68,0.774,14.7,-4.3,Bull,Bull,Bear,Bear,Mixed,red,-1.1,+0.32L,+0.23L,Call writing,Put buying,WAIT,NO,"BB hit, TFs mixed"
2026-08-12,12:39,24286.95,TOP,24270.62,24280.55,24290.47,0.823,16.3,-3.5,Bull,Bear,Bear,Bull,Mixed,green,1.55,+0.10L,+1.10L,Call long build,Put writing,WAIT,NO,"BB hit, TFs mixed"
2026-08-12,12:40,24289.8,TOP,24270.58,24281.17,24291.75,0.908,19.2,-2,Bull,Bull,Bull,Bull,4Bull,green,2.85,+0.79L,+0.89L,Call long build,Put writing,WAIT,NO,Opposite: 4 Bull at TOP
2026-08-12,12:41,24290.8,TOP,24270.83,24281.91,24293,0.901,20,-2.2,Bull,Bull,Bull,Bull,4Bull,green,1,+0.53L,-0.90L,Call long build,Put long unwind,WAIT,NO,Opposite: 4 Bull at TOP
2026-08-12,12:42,24298.5,TOP,24269.99,24282.98,24295.97,1.097,28.5,2.5,Bull,Bull,Bull,Bull,4Bull,green,7.7,+2.11L,-1.74L,Call long build,Put long unwind,WAIT,NO,Opposite: 4 Bull at TOP
2026-08-12,12:47,24276.45,BOTTOM,24274.39,24285.02,24295.64,0.097,2.1,-19.2,Bear,Bear,Bear,Bear,4Bear,red,-6.1,+0.23L,-0.48L,Call writing,Put short cover,WAIT,NO,Opposite: 4 Bear at BOTTOM
2026-08-12,12:55,24276.55,BOTTOM,24276.34,24285.73,24295.11,0.011,0.2,-18.6,Bear,Bear,Bear,Bear,4Bear,red,-7,+0.69L,-0.79L,Call writing,Put short cover,WAIT,NO,Opposite: 4 Bear at BOTTOM
2026-08-12,12:56,24272.35,BOTTOM,24273.97,24284.96,24295.94,-0.074,-1.6,-23.6,Bear,Bear,Bear,Bear,4Bear,red,-4.2,-60.33L,+10.38L,Call long unwind,Put buying,PUT BUY,NO,Opposite: 4 Bear at BOTTOM
2026-08-12,12:57,24272.45,BOTTOM,24272.03,24284.26,24296.48,0.017,0.4,-24,Bear,Bear,Bear,Flat,Mixed,green,0.1,+1.30L,-0.07L,Call long build,Put long unwind,WAIT,NO,"BB hit, TFs mixed"
2026-08-12,12:58,24271.5,BOTTOM,24270.15,24283.56,24296.97,0.05,1.3,-25.5,Bear,Bear,Bear,Bear,4Bear,red,-0.95,+1.34L,-0.29L,Call writing,Put short cover,WAIT,NO,Opposite: 4 Bear at BOTTOM
2026-08-12,12:59,24273.4,BOTTOM,24268.87,24282.88,24296.89,0.162,4.5,-23.5,Bear,Bear,Bull,Bull,Mixed,green,1.9,+0.12L,-0.96L,Call long build,Put long unwind,WAIT,NO,"BB hit, TFs mixed"
2026-08-12,13:14,24283,TOP,24271.33,24279.02,24286.7,0.759,11.7,-3.7,Bull,Bull,Bull,Bull,4Bull,green,2.15,+0.02L,+0.86L,Call long build,Put writing,WAIT,NO,Opposite: 4 Bull at TOP
2026-08-12,13:15,24287.75,TOP,24271.1,24279.58,24288.05,0.982,16.7,-0.3,Bull,Bull,Bull,Bull,4Bull,green,4.75,-0.73L,-0.47L,Call short cover,Put long unwind,WAIT,NO,Opposite: 4 Bull at TOP
2026-08-12,13:16,24286.9,TOP,24271.94,24280.31,24288.67,0.894,15,-1.8,Bull,Bull,Bull,Bear,Mixed,red,-0.85,+0.46L,+0.62L,Call writing,Put buying,WAIT,NO,"BB hit, TFs mixed"
2026-08-12,13:17,24293.7,TOP,24271.93,24281.37,24290.8,1.153,21.8,2.9,Bull,Bull,Bull,Bull,4Bull,green,6.8,-2.57L,-0.23L,Call short cover,Put long unwind,WAIT,NO,Opposite: 4 Bull at TOP
2026-08-12,13:18,24293.1,TOP,24272.83,24282.45,24292.06,1.054,20.3,1,Bull,Bull,Bull,Bear,Mixed,red,-0.6,-0.25L,-0.15L,Call long unwind,Put short cover,WAIT,NO,"BB hit, TFs mixed"
2026-08-12,13:19,24298.55,TOP,24272.68,24283.71,24294.73,1.173,25.9,3.8,Bull,Bull,Bull,Bull,4Bull,green,5.45,-2.50L,-0.32L,Call short cover,Put long unwind,WAIT,NO,Opposite: 4 Bull at TOP
2026-08-12,13:20,24296.7,TOP,24272.84,24284.71,24296.59,1.005,23.9,0.1,Bull,Bull,Bull,Bear,Mixed,red,-1.85,-0.34L,+0.50L,Call long unwind,Put buying,WAIT,NO,"BB hit, TFs mixed"
2026-08-12,13:21,24295.55,TOP,24273.3,24285.6,24297.91,0.904,22.3,-2.4,Bull,Bull,Bull,Bear,Mixed,red,-1.15,-3.84L,+2.18L,Call long unwind,Put buying,WAIT,NO,"BB hit, TFs mixed"
2026-08-12,13:25,24296.65,TOP,24274.33,24287.95,24301.57,0.819,22.3,-4.9,Bull,Flat,Bull,Bull,Mixed,green,2.5,-0.05L,+0.37L,Call short cover,Put writing,WAIT,NO,"BB hit, TFs mixed"
2026-08-12,13:31,24297.95,TOP,24281.22,24291.72,24302.21,0.797,16.7,-4.3,Bull,Bull,Bull,Bull,4Bull,green,3.65,-0.58L,-0.27L,Call short cover,Put long unwind,WAIT,NO,Opposite: 4 Bull at TOP
2026-08-12,13:35,24294.8,TOP,24288.27,24293.9,24299.54,0.58,6.5,-4.7,Bear,Flat,Flat,Bull,Mixed,green,0.95,-1.27L,+1.07L,Call short cover,Put writing,WAIT,NO,"BB hit, TFs mixed"
2026-08-12,13:36,24297,TOP,24289.63,24294.41,24299.19,0.771,7.4,-2.2,Bull,Bear,Bull,Bull,Mixed,green,2.2,-1.58L,+0.89L,Call short cover,Put writing,WAIT,NO,"BB hit, TFs mixed"
2026-08-12,13:37,24299.4,TOP,24289.46,24294.69,24299.93,0.949,9.9,-0.5,Bull,Bull,Bull,Bull,4Bull,green,2.4,-1.48L,-2.19L,Call short cover,Put long unwind,WAIT,NO,Opposite: 4 Bull at TOP
2026-08-12,13:38,24295.2,TOP,24289.61,24294.8,24299.99,0.539,5.6,-4.8,Bull,Bull,Flat,Bear,Mixed,red,-4.2,+0.67L,-0.84L,Call writing,Put short cover,WAIT,NO,"BB hit, TFs mixed"
2026-08-12,13:39,24289.4,BOTTOM,24288.95,24294.34,24299.73,0.042,0.5,-10.3,Bear,Bear,Bear,Bear,4Bear,red,-5.8,-1.73L,-0.47L,Call long unwind,Put short cover,WAIT,NO,Opposite: 4 Bear at BOTTOM
2026-08-12,13:40,24293,BOTTOM,24288.84,24294.15,24299.47,0.391,4.2,-6.5,Bear,Bear,Bear,Bull,Mixed,green,3.6,-1.49L,-0.25L,Call short cover,Put long unwind,WAIT,NO,"BB hit, TFs mixed"
2026-08-12,13:41,24295.3,TOP,24288.84,24294.14,24299.44,0.609,6.5,-4.1,Flat,Bear,Flat,Bull,Mixed,green,2.3,+1.18L,+0.03L,Call long build,Put writing,WAIT,NO,"BB hit, TFs mixed"
2026-08-12,13:42,24289.2,BOTTOM,24288.31,24293.99,24299.66,0.079,0.9,-10.5,Bear,Bear,Flat,Bear,Mixed,red,-6.1,+0.59L,-0.56L,Call writing,Put short cover,WAIT,NO,"BB hit, TFs mixed"
2026-08-12,13:43,24289.25,BOTTOM,24287.69,24293.72,24299.75,0.13,1.6,-10.5,Bull,Bear,Bear,Flat,Mixed,green,0.05,+0.48L,+0.15L,Call long build,Put writing,WAIT,NO,"BB hit, TFs mixed"
2026-08-12,13:44,24289.85,BOTTOM,24287.25,24293.5,24299.76,0.208,2.6,-9.9,Bear,Flat,Bear,Bull,Mixed,green,0.6,+1.82L,-0.51L,Call long build,Put long unwind,WAIT,NO,"BB hit, TFs mixed"
2026-08-12,13:45,24289.15,BOTTOM,24286.77,24293.13,24299.48,0.187,2.4,-10.3,Bear,Bear,Flat,Bear,Mixed,red,-0.7,+1.07L,-0.48L,Call writing,Put short cover,WAIT,NO,"BB hit, TFs mixed"
2026-08-12,13:46,24286.85,BOTTOM,24285.9,24292.68,24299.46,0.07,0.9,-12.6,Bear,Bear,Bear,Bear,4Bear,red,-2.3,+1.69L,-0.10L,Call writing,Put short cover,WAIT,NO,Opposite: 4 Bear at BOTTOM
2026-08-12,13:47,24287.75,BOTTOM,24285.35,24292.46,24299.58,0.169,2.4,-11.8,Bear,Bear,Bear,Bull,Mixed,green,0.9,+1.01L,-0.24L,Call long build,Put long unwind,WAIT,NO,"BB hit, TFs mixed"
2026-08-12,13:48,24286.5,BOTTOM,24285.02,24292.38,24299.73,0.101,1.5,-13.2,Bear,Bear,Bear,Bear,4Bear,red,-1.25,+1.31L,-0.77L,Call writing,Put short cover,WAIT,NO,Opposite: 4 Bear at BOTTOM
2026-08-12,13:49,24285.35,BOTTOM,24284.14,24292.1,24300.05,0.076,1.2,-14.7,Bear,Bear,Bear,Bear,4Bear,red,-1.15,+0.31L,+0.03L,Call writing,Put buying,WAIT,NO,Opposite: 4 Bear at BOTTOM
2026-08-12,13:51,24288.25,BOTTOM,24283.88,24291.43,24298.99,0.289,4.4,-10.7,Bear,Bull,Bull,Bear,Mixed,red,-2.45,+0.21L,-0.69L,Call writing,Put short cover,WAIT,NO,"BB hit, TFs mixed"
2026-08-12,13:52,24287.7,BOTTOM,24283.52,24291.08,24298.64,0.276,4.2,-10.9,Bear,Flat,Bull,Bear,Mixed,red,-0.55,+0.04L,+0.46L,Call writing,Put buying,WAIT,NO,"BB hit, TFs mixed"
2026-08-12,13:55,24287.05,BOTTOM,24282.78,24290.19,24297.6,0.288,4.3,-10.5,Bear,Bear,Bear,Bear,4Bear,red,-1.3,+0.48L,-0.10L,Call writing,Put short cover,WAIT,NO,Opposite: 4 Bear at BOTTOM
2026-08-12,13:57,24285.65,BOTTOM,24283.77,24289.09,24294.41,0.177,1.9,-8.8,Bear,Bear,Bear,Bear,4Bear,red,-3.05,+0.78L,+0.07L,Call writing,Put buying,WAIT,NO,Opposite: 4 Bear at BOTTOM
2026-08-12,13:58,24281.45,BOTTOM,24282.87,24288.4,24293.93,-0.128,-1.4,-12.5,Bear,Bear,Bear,Bear,4Bear,red,-4.2,+1.15L,-1.55L,Call writing,Put short cover,WAIT,NO,Opposite: 4 Bear at BOTTOM
2026-08-12,13:59,24282.95,BOTTOM,24282.08,24288.08,24294.07,0.072,0.9,-11.1,Bear,Bear,Bear,Bull,Mixed,green,1.5,-1.07L,-1.81L,Call short cover,Put long unwind,WAIT,NO,"BB hit, TFs mixed"
2026-08-12,14:00,24285.6,BOTTOM,24282.07,24287.71,24293.35,0.313,3.5,-7.8,Bear,Bear,Flat,Bull,Mixed,green,2.65,+1.22L,-0.27L,Call long build,Put long unwind,WAIT,NO,"BB hit, TFs mixed"
2026-08-12,14:01,24285.05,BOTTOM,24282.65,24287.19,24291.74,0.264,2.4,-6.7,Bear,Bear,Bull,Bear,Mixed,red,-0.55,-0.22L,-0.94L,Call long unwind,Put short cover,WAIT,NO,"BB hit, TFs mixed"
2026-08-12,14:02,24283.3,BOTTOM,24282.16,24286.9,24291.64,0.121,1.1,-8.3,Bear,Bear,Flat,Bear,Mixed,red,-1.75,+0.82L,+1.08L,Call writing,Put buying,WAIT,NO,"BB hit, TFs mixed"
2026-08-12,14:03,24281.65,BOTTOM,24281.39,24286.52,24291.65,0.025,0.3,-10,Bear,Flat,Bear,Bear,Mixed,red,-1.65,+0.70L,+1.60L,Call writing,Put buying,WAIT,NO,"BB hit, TFs mixed"
2026-08-12,14:04,24283.55,BOTTOM,24281.16,24286.21,24291.25,0.237,2.4,-7.7,Bear,Bull,Bear,Bull,Mixed,green,1.9,+0.37L,-0.95L,Call long build,Put long unwind,WAIT,NO,"BB hit, TFs mixed"
2026-08-12,14:05,24278.5,BOTTOM,24279.8,24285.67,24291.54,-0.111,-1.3,-13,Bear,Bear,Bear,Bear,4Bear,red,-5.05,+0.30L,-0.25L,Call writing,Put short cover,WAIT,NO,Opposite: 4 Bear at BOTTOM
2026-08-12,14:06,24279.8,BOTTOM,24278.95,24285.32,24291.69,0.067,0.8,-11.9,Bear,Bear,Bear,Bull,Mixed,green,1.3,-1.35L,-2.59L,Call short cover,Put long unwind,WAIT,NO,"BB hit, TFs mixed"
2026-08-12,14:07,24282.4,BOTTOM,24278.66,24285.05,24291.44,0.292,3.7,-9,Bear,Bear,Bear,Bull,Mixed,green,2.6,+0.11L,+0.76L,Call long build,Put writing,WAIT,NO,"BB hit, TFs mixed"
2026-08-12,14:08,24283.15,BOTTOM,24278.48,24284.89,24291.29,0.365,4.7,-8.1,Bear,Bull,Bull,Bull,Mixed,green,0.75,+0.64L,+0.27L,Call long build,Put writing,WAIT,NO,"BB hit, TFs mixed"
2026-08-12,14:09,24282.3,BOTTOM,24278.23,24284.73,24291.23,0.313,4.1,-8.9,Bear,Bear,Bull,Bear,Mixed,red,-0.85,-0.40L,+1.49L,Call long unwind,Put buying,WAIT,NO,"BB hit, TFs mixed"
2026-08-12,14:10,24285.5,TOP,24278.56,24284.47,24290.39,0.587,6.9,-4.9,Bear,Bull,Bull,Bull,Mixed,green,3.2,+1.14L,-0.02L,Call long build,Put long unwind,WAIT,NO,"BB hit, TFs mixed"
2026-08-12,14:12,24280.45,BOTTOM,24278.22,24283.88,24289.54,0.197,2.2,-9.1,Bear,Bear,Bear,Bear,4Bear,red,-3.2,+0.49L,+0.30L,Call writing,Put buying,WAIT,NO,Opposite: 4 Bear at BOTTOM
2026-08-12,14:13,24280.55,BOTTOM,24278.08,24283.48,24288.88,0.229,2.5,-8.3,Bear,Bear,Bear,Flat,Mixed,green,0.1,+2.18L,-2.87L,Call long build,Put long unwind,WAIT,NO,"BB hit, TFs mixed"
2026-08-12,14:14,24278.45,BOTTOM,24277.64,24282.99,24288.33,0.076,0.8,-9.9,Bear,Bear,Bear,Bear,4Bear,red,-2.1,+0.33L,+0.38L,Call writing,Put buying,WAIT,NO,Opposite: 4 Bear at BOTTOM
2026-08-12,14:15,24279.35,BOTTOM,24277.38,24282.6,24287.82,0.189,2,-8.5,Bear,Bear,Bear,Bull,Mixed,green,0.9,+0.64L,-0.43L,Call long build,Put long unwind,WAIT,NO,"BB hit, TFs mixed"
2026-08-12,14:16,24283.35,TOP,24277.9,24282.33,24286.77,0.615,5.4,-3.4,Bear,Flat,Bull,Bull,Mixed,green,4,-0.18L,+0.02L,Call short cover,Put writing,WAIT,NO,"BB hit, TFs mixed"
2026-08-12,14:17,24289.45,TOP,24277.28,24282.52,24287.76,1.161,12.2,1.7,Bull,Bull,Bull,Bull,4Bull,green,6.1,-0.81L,-0.75L,Call short cover,Put long unwind,WAIT,NO,Opposite: 4 Bull at TOP
2026-08-12,14:18,24289.65,TOP,24276.87,24282.93,24288.99,1.054,12.8,0.7,Bull,Bull,Bull,Flat,Mixed,green,0.2,-1.50L,-1.23L,Call short cover,Put long unwind,WAIT,NO,"BB hit, TFs mixed"
2026-08-12,14:19,24287.2,TOP,24276.81,24283.15,24289.48,0.82,10.4,-2.3,Bull,Bull,Bull,Bear,Mixed,red,-2.45,-0.70L,+0.36L,Call long unwind,Put buying,WAIT,NO,"BB hit, TFs mixed"
2026-08-12,14:20,24289.7,TOP,24276.47,24283.35,24290.23,0.961,13.2,-0.5,Bull,Bull,Flat,Bull,Mixed,green,2.5,-0.70L,+1.34L,Call short cover,Put writing,WAIT,NO,"BB hit, TFs mixed"
2026-08-12,14:21,24288.1,TOP,24276.34,24283.5,24290.66,0.821,11.8,-2.6,Bull,Bull,Bear,Bear,Mixed,red,-1.6,-1.82L,+0.39L,Call long unwind,Put buying,WAIT,NO,"BB hit, TFs mixed"
2026-08-12,14:22,24290.55,TOP,24276.08,24283.86,24291.65,0.929,14.5,-1.1,Bull,Bull,Bull,Bull,4Bull,green,2.45,-0.77L,+0.92L,Call short cover,Put writing,WAIT,NO,Opposite: 4 Bull at TOP
2026-08-12,14:23,24291.8,TOP,24275.93,24284.37,24292.81,0.94,15.9,-1,Bull,Bull,Bull,Bull,4Bull,green,1.25,-0.71L,-0.26L,Call short cover,Put long unwind,WAIT,NO,Opposite: 4 Bull at TOP
2026-08-12,14:24,24294.35,TOP,24275.43,24284.91,24294.39,0.998,18.9,0,Bull,Bull,Bull,Bull,4Bull,green,2.55,-3.38L,-0.07L,Call short cover,Put long unwind,WAIT,NO,Opposite: 4 Bull at TOP
2026-08-12,14:25,24292.05,TOP,24276.11,24285.59,24295.07,0.841,15.9,-3,Bull,Bull,Bull,Bear,Mixed,red,-2.3,-2.01L,+1.21L,Call long unwind,Put buying,WAIT,NO,"BB hit, TFs mixed"
2026-08-12,14:26,24294.4,TOP,24276.49,24286.32,24296.15,0.911,17.9,-1.8,Bull,Bull,Bull,Bull,4Bull,green,2.35,-1.75L,+0.49L,Call short cover,Put writing,WAIT,NO,Opposite: 4 Bull at TOP
2026-08-12,14:27,24297.85,TOP,24276.24,24287.09,24297.94,0.996,21.6,-0.1,Bull,Bull,Bull,Bull,4Bull,green,3.45,-2.82L,+0.82L,Call short cover,Put writing,WAIT,NO,Opposite: 4 Bull at TOP
2026-08-12,14:28,24297.95,TOP,24276.17,24287.83,24299.5,0.934,21.8,-1.5,Bull,Bull,Bull,Flat,Mixed,green,0.1,-2.84L,-0.02L,Call short cover,Put long unwind,WAIT,NO,"BB hit, TFs mixed"
2026-08-12,14:29,24295.8,TOP,24276.64,24288.51,24300.37,0.807,19.2,-4.6,Bull,Bull,Bull,Bear,Mixed,red,-2.15,-1.22L,+0.49L,Call long unwind,Put buying,WAIT,NO,"BB hit, TFs mixed"
2026-08-12,14:30,24297.8,TOP,24276.68,24289.12,24301.56,0.849,21.1,-3.8,Bull,Bull,Flat,Bull,Mixed,green,2,-1.00L,+0.51L,Call short cover,Put writing,WAIT,NO,"BB hit, TFs mixed"
2026-08-12,14:31,24307.25,TOP,24275.85,24290.3,24304.76,1.086,31.4,2.5,Bull,Bull,Bull,Bull,4Bull,green,9.45,-3.47L,-0.95L,Call short cover,Put long unwind,WAIT,NO,Opposite: 4 Bull at TOP
2026-08-12,14:32,24303.55,TOP,24276.65,24291.46,24306.27,0.908,26.9,-2.7,Bull,Bull,Bull,Bear,Mixed,red,-3.7,-6.98L,-6.04L,Call long unwind,Put short cover,WAIT,NO,"BB hit, TFs mixed"
2026-08-12,14:33,24327,TOP,24273.13,24293.78,24314.43,1.304,53.9,12.6,Bull,Bull,Bull,Bull,4Bull,green,23.45,+127.36L,+21.53L,Call long build,Put writing,WAIT,NO,Opposite: 4 Bull at TOP
2026-08-12,14:34,24329.5,TOP,24271.66,24296.33,24321,1.172,57.8,8.5,Bull,Bull,Bull,Bull,4Bull,green,2.5,-16.37L,-4.67L,Call short cover,Put long unwind,WAIT,NO,Opposite: 4 Bull at TOP
2026-08-12,14:35,24322.8,TOP,24272.58,24298.5,24324.43,0.969,50.2,-1.6,Bull,Bull,Bull,Bear,Mixed,red,-6.7,-142.60L,-19.75L,Call long unwind,Put short cover,WAIT,NO,"BB hit, TFs mixed"
2026-08-12,14:53,24332,TOP,24313.88,24323.57,24333.26,0.935,18.1,-1.3,Bull,Bull,Bull,Bull,4Bull,green,11.25,+126.73L,+22.04L,Call long build,Put writing,WAIT,NO,Opposite: 4 Bull at TOP
2026-08-12,14:54,24344.4,TOP,24311.22,24324.31,24337.41,1.267,33.2,7,Bull,Bull,Bull,Bull,4Bull,green,12.4,-10.88L,-2.09L,Call short cover,Put long unwind,WAIT,NO,Opposite: 4 Bull at TOP
2026-08-12,14:55,24373,TOP,24301.93,24326.83,24351.72,1.427,71.1,21.3,Bull,Bull,Bull,Bull,4Bull,green,28.6,-17.96L,-3.99L,Call short cover,Put long unwind,WAIT,NO,Opposite: 4 Bull at TOP
2026-08-12,14:56,24366.4,TOP,24299.12,24329.15,24359.18,1.12,67.3,7.2,Bull,Bull,Bull,Bear,Mixed,red,-6.6,-40.00L,-5.18L,Call long unwind,Put short cover,WAIT,NO,"BB hit, TFs mixed"
2026-08-12,14:58,24364.45,TOP,24299.52,24333.47,24367.42,0.956,64.9,-3,Bull,Bull,Bear,Bull,Mixed,green,8.9,-1.66L,+0.58L,Call short cover,Put writing,WAIT,NO,"BB hit, TFs mixed"
2026-08-12,15:29,24435.95,TOP,24333.21,24365.88,24398.56,1.572,102.7,37.4,Bull,Bull,Bull,Bull,4Bull,green,74.25,+91.59L,-51.31L,Call long build,Put long unwind,WAIT,NO,Opposite: 4 Bull at TOP
2026-08-12,15:30,24435.95,TOP,24325.46,24369.85,24414.23,1.245,110.5,21.7,Bull,Bull,Bull,Flat,Mixed,doji,0,-3.92L,-2.62L,Call flat,Put flat,WAIT,NO,"BB hit, TFs mixed"
2026-08-13,09:44,24349.2,TOP,24315.96,24334.11,24352.27,0.915,33.2,-3.1,Bull,Bull,Bull,Bull,4Bull,green,8.95,+1.44L,+3.29L,Call long build,Put writing,CALL BUY,NO,Opposite: 4 Bull at TOP
2026-08-13,09:49,24351.55,TOP,24316.45,24335.62,24354.8,0.915,35.1,-3.3,Bull,Bull,Bull,Bull,4Bull,green,10.65,-0.02L,+5.54L,Call short cover,Put writing,CALL BUY,NO,Opposite: 4 Bull at TOP
2026-08-13,09:55,24354.65,TOP,24326.19,24342.41,24358.62,0.877,28.5,-4,Bull,Bull,Bull,Bull,4Bull,green,4.65,+1.30L,+1.80L,Call long build,Put writing,WAIT,NO,Opposite: 4 Bull at TOP
2026-08-13,10:05,24342.4,BOTTOM,24339.24,24347.99,24356.74,0.18,3.2,-14.3,Bear,Bear,Bear,Bear,4Bear,red,-3.9,+1.36L,-0.20L,Call writing,Put short cover,WAIT,NO,Opposite: 4 Bear at BOTTOM
2026-08-13,10:07,24353.3,TOP,24340.65,24348.87,24357.09,0.769,12.6,-3.8,Bull,Bull,Bull,Bull,4Bull,green,2.4,+1.53L,+3.39L,Call long build,Put writing,CALL BUY,NO,Opposite: 4 Bull at TOP
2026-08-13,10:08,24345.4,BOTTOM,24341.54,24349.1,24356.65,0.255,3.9,-11.3,Bull,Bear,Bull,Bear,Mixed,red,-7.9,-0.01L,+1.28L,Call long unwind,Put buying,WAIT,NO,"BB hit, TFs mixed"
2026-08-13,10:09,24343.85,BOTTOM,24340.92,24348.71,24356.5,0.188,2.9,-12.7,Bear,Bear,Bear,Bear,4Bear,red,-1.55,+1.06L,-1.96L,Call writing,Put short cover,WAIT,NO,Opposite: 4 Bear at BOTTOM
2026-08-13,10:10,24337.9,BOTTOM,24339.03,24348.12,24357.2,-0.062,-1.1,-19.3,Bear,Bear,Bear,Bear,4Bear,red,-5.95,+0.69L,-0.19L,Call writing,Put short cover,WAIT,NO,Opposite: 4 Bear at BOTTOM
2026-08-13,10:11,24336,BOTTOM,24336.97,24347.38,24357.79,-0.047,-1,-21.8,Bear,Bear,Bear,Bear,4Bear,red,-1.9,+0.92L,+2.21L,Call writing,Put buying,WAIT,NO,Opposite: 4 Bear at BOTTOM
2026-08-13,10:12,24333,BOTTOM,24334.47,24346.57,24358.67,-0.061,-1.5,-25.7,Bear,Bear,Bear,Bear,4Bear,red,-3,-1.25L,-3.08L,Call long unwind,Put short cover,WAIT,NO,Opposite: 4 Bear at BOTTOM
2026-08-13,10:18,24332.95,BOTTOM,24332.15,24344,24355.84,0.034,0.8,-22.9,Bear,Bear,Bear,Bear,4Bear,red,-6.35,+1.47L,+1.72L,Call writing,Put buying,WAIT,NO,Opposite: 4 Bear at BOTTOM
2026-08-13,10:21,24334.35,BOTTOM,24330.65,24342.18,24353.71,0.16,3.7,-19.4,Bear,Bear,Bull,Bear,Mixed,red,-4,+0.62L,+2.12L,Call writing,Put buying,WAIT,NO,"BB hit, TFs mixed"
2026-08-13,10:24,24328.6,BOTTOM,24328.13,24340.19,24352.24,0.02,0.5,-23.6,Bear,Bear,Bear,Bear,4Bear,red,-7.55,+2.95L,-4.13L,Call writing,Put short cover,WAIT,NO,Opposite: 4 Bear at BOTTOM
2026-08-13,10:25,24329.05,BOTTOM,24326.58,24339.52,24352.46,0.096,2.5,-23.4,Bear,Bear,Bear,Flat,Mixed,green,0.45,+1.76L,-2.64L,Call long build,Put long unwind,WAIT,NO,"BB hit, TFs mixed"
2026-08-13,10:26,24327,BOTTOM,24325.39,24338.32,24351.25,0.062,1.6,-24.3,Bear,Bear,Bear,Bear,4Bear,red,-2.05,+2.83L,-0.16L,Call writing,Put short cover,WAIT,NO,Opposite: 4 Bear at BOTTOM
2026-08-13,10:28,24328.3,BOTTOM,24325.12,24336.37,24347.63,0.141,3.2,-19.3,Bear,Bear,Bear,Bear,4Bear,red,-3.1,+1.46L,+0.02L,Call writing,Put buying,WAIT,NO,Opposite: 4 Bear at BOTTOM
2026-08-13,10:29,24326.9,BOTTOM,24324.1,24335.53,24346.95,0.123,2.8,-20,Bear,Bear,Flat,Bear,Mixed,red,-1.4,+1.66L,+0.59L,Call writing,Put buying,WAIT,NO,"BB hit, TFs mixed"
2026-08-13,10:30,24318.85,BOTTOM,24321.1,24334.57,24348.04,-0.084,-2.3,-29.2,Bear,Bear,Bear,Bear,4Bear,red,-8.05,-120.95L,-21.92L,Call long unwind,Put short cover,WAIT,NO,Opposite: 4 Bear at BOTTOM
2026-08-13,10:31,24312.95,BOTTOM,24317.01,24333.42,24349.83,-0.124,-4.1,-36.9,Bear,Bear,Bear,Bear,4Bear,red,-5.9,+1.26L,-8.94L,Call writing,Put short cover,WAIT,NO,Opposite: 4 Bear at BOTTOM
2026-08-13,10:32,24314.95,BOTTOM,24314.24,24332.52,24350.8,0.02,0.7,-35.8,Bear,Bear,Bear,Bull,Mixed,green,2,+3.44L,-5.38L,Call long build,Put long unwind,WAIT,NO,"BB hit, TFs mixed"
2026-08-13,10:43,24330.8,TOP,24314.76,24324.65,24334.54,0.811,16,-3.7,Bull,Bull,Bull,Bull,4Bull,green,3.15,-0.99L,+0.95L,Call short cover,Put writing,WAIT,NO,Opposite: 4 Bull at TOP
2026-08-13,10:44,24330.3,TOP,24314.68,24324.73,24334.78,0.777,15.6,-4.5,Bull,Bull,Bull,Flat,Mixed,red,-0.5,-0.61L,-0.51L,Call long unwind,Put short cover,WAIT,NO,"BB hit, TFs mixed"
2026-08-13,10:45,24330.15,TOP,24314.63,24324.79,24334.94,0.764,15.5,-4.8,Bull,Bull,Bull,Flat,Mixed,red,-0.15,+0.20L,+0.66L,Call writing,Put buying,WAIT,NO,"BB hit, TFs mixed"
2026-08-13,10:46,24330.6,TOP,24314.54,24324.97,24335.4,0.77,16.1,-4.8,Bull,Bull,Flat,Flat,Mixed,green,0.45,+0.95L,-0.81L,Call long build,Put long unwind,WAIT,NO,"BB hit, TFs mixed"
2026-08-13,10:47,24332.2,TOP,24314.47,24325.01,24335.54,0.841,17.7,-3.3,Bull,Bull,Bull,Bull,4Bull,green,1.6,+0.46L,+2.01L,Call long build,Put writing,WAIT,NO,Opposite: 4 Bull at TOP
2026-08-13,10:48,24332.35,TOP,24314.28,24325.21,24336.14,0.827,18.1,-3.8,Bull,Bull,Bull,Flat,Mixed,green,0.15,-1.41L,-1.19L,Call short cover,Put long unwind,WAIT,NO,"BB hit, TFs mixed"
2026-08-13,10:49,24338.4,TOP,24313.44,24325.79,24338.13,1.011,25,0.3,Bull,Bull,Bull,Bull,4Bull,green,6.05,-0.17L,-0.24L,Call short cover,Put long unwind,WAIT,NO,Opposite: 4 Bull at TOP
2026-08-13,10:50,24338.4,TOP,24313.7,24326.76,24339.83,0.945,24.7,-1.4,Bull,Bull,Bull,Flat,Mixed,doji,0,0.00L,0.00L,Call flat,Put flat,WAIT,NO,"BB hit, TFs mixed"
2026-08-13,10:51,24338.4,TOP,24315.66,24328.03,24340.41,0.919,22.7,-2,Bull,Bull,Bull,Flat,Mixed,doji,0,0.00L,0.00L,Call flat,Put flat,WAIT,NO,"BB hit, TFs mixed"
2026-08-13,10:52,24338.4,TOP,24317.59,24329.21,24340.82,0.896,20.8,-2.4,Bull,Bull,Flat,Flat,Mixed,doji,0,0.00L,0.00L,Call flat,Put flat,WAIT,NO,"BB hit, TFs mixed"
2026-08-13,10:53,24343.9,TOP,24317.76,24330.36,24342.96,1.037,26.1,0.9,Bull,Bull,Bull,Bull,4Bull,green,5.5,-8.08L,+6.34L,Call short cover,Put writing,CALL BUY,NO,Opposite: 4 Bull at TOP
2026-08-13,10:54,24343.65,TOP,24318.84,24331.59,24344.34,0.973,24.8,-0.7,Bull,Bull,Bull,Flat,Mixed,red,-0.25,-0.79L,+3.78L,Call long unwind,Put buying,PUT BUY,NO,"BB hit, TFs mixed"
2026-08-13,10:55,24342.55,TOP,24319.84,24332.62,24345.41,0.888,22.7,-2.9,Bull,Bull,Bull,Bear,Mixed,red,-1.1,-1.15L,+2.28L,Call long unwind,Put buying,WAIT,NO,"BB hit, TFs mixed"
2026-08-13,10:56,24342.5,TOP,24320.62,24333.52,24346.43,0.848,21.9,-3.9,Bull,Bull,Bear,Flat,Mixed,red,-0.05,-3.87L,+2.56L,Call long unwind,Put buying,PUT BUY,NO,"BB hit, TFs mixed"
2026-08-13,10:57,24343.25,TOP,24321.32,24334.39,24347.46,0.839,21.9,-4.2,Bull,Bull,Flat,Bull,Mixed,green,0.75,-1.54L,+3.69L,Call short cover,Put writing,CALL BUY,NO,"BB hit, TFs mixed"
2026-08-13,11:02,24331.5,BOTTOM,24327.57,24337.36,24347.15,0.201,3.9,-15.7,Bear,Bear,Bear,Bear,4Bear,red,-8,+0.04L,+3.76L,Call writing,Put buying,PUT BUY,NO,Opposite: 4 Bear at BOTTOM
2026-08-13,11:03,24327.35,BOTTOM,24326.84,24337.19,24347.54,0.025,0.5,-20.2,Bear,Bear,Bear,Bear,4Bear,red,-4.15,-1.57L,-0.40L,Call long unwind,Put short cover,WAIT,NO,Opposite: 4 Bear at BOTTOM
2026-08-13,11:04,24327.4,BOTTOM,24326.24,24337.04,24347.84,0.054,1.2,-20.4,Bear,Bear,Bear,Flat,Mixed,green,0.05,-0.08L,-0.46L,Call short cover,Put long unwind,WAIT,NO,"BB hit, TFs mixed"
2026-08-13,11:05,24324.45,BOTTOM,24324.99,24336.76,24348.53,-0.023,-0.5,-24.1,Bear,Bear,Bear,Bear,4Bear,red,-2.95,-124.28L,-21.05L,Call long unwind,Put short cover,WAIT,NO,Opposite: 4 Bear at BOTTOM
2026-08-13,11:06,24322.7,BOTTOM,24323.33,24336.36,24349.4,-0.024,-0.6,-26.7,Bear,Bear,Bear,Bear,4Bear,red,-1.75,+0.38L,-5.52L,Call writing,Put short cover,WAIT,NO,Opposite: 4 Bear at BOTTOM
2026-08-13,11:07,24320.55,BOTTOM,24321.12,24335.78,24350.44,-0.019,-0.6,-29.9,Bear,Bear,Bear,Bear,4Bear,red,-2.15,+2.20L,-1.97L,Call writing,Put short cover,WAIT,NO,Opposite: 4 Bear at BOTTOM
2026-08-13,11:08,24316.9,BOTTOM,24318.23,24335.01,24351.79,-0.04,-1.3,-34.9,Bear,Bear,Bear,Bear,4Bear,red,-3.65,+3.69L,-10.06L,Call writing,Put short cover,WAIT,NO,Opposite: 4 Bear at BOTTOM
2026-08-13,11:09,24319.9,BOTTOM,24316.15,24334.08,24352.01,0.105,3.8,-32.1,Bear,Bear,Bear,Bull,Mixed,green,3,+3.79L,-2.15L,Call long build,Put long unwind,WAIT,NO,"BB hit, TFs mixed"
2026-08-13,11:21,24325.05,TOP,24315.47,24322.72,24329.97,0.661,9.6,-4.9,Bull,Bull,Bull,Bull,4Bull,green,1.4,+130.50L,+14.46L,Call long build,Put writing,CALL BUY,NO,Opposite: 4 Bull at TOP
2026-08-13,11:22,24320.6,BOTTOM,24316.11,24322.18,24328.24,0.37,4.5,-7.6,Flat,Bull,Bull,Bear,Mixed,red,-4.45,-128.56L,-14.81L,Call long unwind,Put short cover,WAIT,NO,"BB hit, TFs mixed"
2026-08-13,11:23,24320.6,BOTTOM,24316.23,24321.84,24327.45,0.39,4.4,-6.9,Bull,Bull,Bear,Flat,Mixed,doji,0,0.00L,0.00L,Call flat,Put flat,WAIT,NO,"BB hit, TFs mixed"
2026-08-13,11:24,24328.25,TOP,24316.09,24321.88,24327.67,1.05,12.2,0.6,Bull,Bull,Bull,Bull,4Bull,green,7.65,+128.65L,+15.33L,Call long build,Put writing,CALL BUY,NO,Opposite: 4 Bull at TOP
2026-08-13,11:25,24328.25,TOP,24315.73,24322.07,24328.41,0.988,12.5,-0.2,Bull,Bull,Bull,Flat,Mixed,doji,0,0.00L,0.00L,Call flat,Put flat,WAIT,NO,"BB hit, TFs mixed"
2026-08-13,11:26,24328.25,TOP,24315.46,24322.35,24329.23,0.929,12.8,-1,Bull,Bull,Bull,Flat,Mixed,doji,0,0.00L,0.00L,Call flat,Put flat,WAIT,NO,"BB hit, TFs mixed"
2026-08-13,11:27,24331.95,TOP,24314.92,24322.92,24330.91,1.065,17,1,Bull,Bull,Bull,Bull,4Bull,green,3.7,+1.32L,+0.02L,Call long build,Put writing,WAIT,NO,Opposite: 4 Bull at TOP
2026-08-13,11:28,24333.3,TOP,24315.05,24323.74,24332.43,1.05,18.3,0.9,Bull,Bull,Bull,Bull,4Bull,green,1.35,0.00L,0.00L,Call flat,Put flat,WAIT,NO,Opposite: 4 Bull at TOP
2026-08-13,11:29,24334.65,TOP,24314.77,24324.47,24334.18,1.024,19.9,0.5,Bull,Bull,Bull,Bull,4Bull,green,1.35,0.00L,0.00L,Call flat,Put flat,WAIT,NO,Opposite: 4 Bull at TOP
2026-08-13,11:30,24339.95,TOP,24313.4,24325.22,24337.05,1.123,26.5,2.9,Bull,Bull,Bull,Bull,4Bull,green,5.3,-2.28L,+0.74L,Call short cover,Put writing,WAIT,NO,Opposite: 4 Bull at TOP
2026-08-13,11:31,24342.1,TOP,24312.08,24326.01,24339.94,1.077,30,2.2,Bull,Bull,Bull,Bull,4Bull,green,2.15,-4.15L,+2.81L,Call short cover,Put writing,CALL BUY,NO,Opposite: 4 Bull at TOP
2026-08-13,11:32,24346.8,TOP,24310.66,24327.19,24343.73,1.093,36.1,3.1,Bull,Bull,Bull,Bull,4Bull,green,4.7,-2.95L,+1.63L,Call short cover,Put writing,WAIT,NO,Opposite: 4 Bull at TOP
2026-08-13,11:33,24346.95,TOP,24309.79,24328.34,24346.89,1.002,37.2,0.1,Bull,Bull,Bull,Flat,Mixed,green,0.15,0.00L,0.00L,Call flat,Put flat,WAIT,NO,"BB hit, TFs mixed"
2026-08-13,11:34,24347.9,TOP,24309.85,24329.76,24349.68,0.955,38.1,-1.8,Bull,Bull,Bull,Bull,4Bull,green,0.95,-7.89L,+8.43L,Call short cover,Put writing,CALL BUY,NO,Opposite: 4 Bull at TOP
2026-08-13,11:35,24347,TOP,24310.48,24331.14,24351.81,0.884,36.5,-4.8,Bull,Bull,Flat,Bear,Mixed,red,-0.9,0.00L,0.00L,Call flat,Put flat,WAIT,NO,"BB hit, TFs mixed"
2026-08-13,11:37,24353.2,TOP,24312.33,24334.16,24356,0.936,40.9,-2.8,Bull,Bull,Bull,Bull,4Bull,green,7.2,-3.76L,+3.25L,Call short cover,Put writing,CALL BUY,NO,Opposite: 4 Bull at TOP
2026-08-13,11:48,24352.45,TOP,24338.5,24347.46,24356.41,0.779,14,-4,Bull,Bull,Bull,Bull,4Bull,green,4.3,+0.06L,+0.96L,Call long build,Put writing,WAIT,NO,Opposite: 4 Bull at TOP
2026-08-13,11:49,24354.1,TOP,24341.19,24348.43,24355.67,0.892,12.9,-1.6,Bull,Bull,Bull,Bull,4Bull,green,1.65,+0.69L,+0.17L,Call long build,Put writing,WAIT,NO,Opposite: 4 Bull at TOP
2026-08-13,11:50,24356.9,TOP,24342.24,24349.28,24356.31,1.042,14.7,0.6,Bull,Bull,Bull,Bull,4Bull,green,2.8,+0.53L,+0.56L,Call long build,Put writing,WAIT,NO,Opposite: 4 Bull at TOP
2026-08-14,09:36,24333.75,TOP,24307.05,24322.29,24337.54,0.876,26.7,-3.8,Bull,Bull,Bull,Bull,4Bull,green,6.2,+2.82L,+16.67L,Call long build,Put writing,CALL BUY,NO,Opposite: 4 Bull at TOP
2026-08-14,09:38,24339.65,TOP,24306.15,24323.05,24339.95,0.991,33.5,-0.3,Bull,Bull,Bull,Bull,4Bull,green,8.25,+4.67L,+5.83L,Call long build,Put writing,CALL BUY,NO,Opposite: 4 Bull at TOP
2026-08-14,09:39,24341.8,TOP,24305.54,24324.19,24342.83,0.972,36.3,-1,Bull,Bull,Bull,Bull,4Bull,green,2.15,-4.59L,+10.35L,Call short cover,Put writing,CALL BUY,NO,Opposite: 4 Bull at TOP
2026-08-14,09:54,24332,BOTTOM,24327.37,24337.06,24346.76,0.239,4.6,-14.8,Bear,Bear,Bear,Bear,4Bear,red,-6.15,-1.82L,+2.27L,Call long unwind,Put buying,WAIT,NO,Opposite: 4 Bear at BOTTOM
2026-08-14,09:55,24326.15,BOTTOM,24327.01,24336.99,24346.98,-0.043,-0.9,-20.8,Bear,Bear,Bear,Bear,4Bear,red,-5.85,-0.87L,+2.27L,Call long unwind,Put buying,WAIT,NO,Opposite: 4 Bear at BOTTOM
2026-08-14,09:56,24331.7,BOTTOM,24326.73,24336.89,24347.05,0.245,5,-15.3,Bear,Bear,Bear,Bull,Mixed,green,5.55,-2.02L,-5.89L,Call short cover,Put long unwind,WAIT,NO,"BB hit, TFs mixed"
2026-08-14,10:00,24343.75,TOP,24327.29,24337.45,24347.6,0.81,16.5,-3.8,Bull,Bull,Bull,Bull,4Bull,green,2.6,+2.36L,+3.85L,Call long build,Put writing,CALL BUY,NO,Opposite: 4 Bull at TOP
2026-08-14,10:01,24346.2,TOP,24327.26,24338.02,24348.77,0.88,18.9,-2.6,Bull,Bull,Bull,Bull,4Bull,green,2.45,+2.01L,+5.44L,Call long build,Put writing,CALL BUY,NO,Opposite: 4 Bull at TOP
2026-08-14,10:02,24344.8,TOP,24327.29,24338.42,24349.55,0.787,17.5,-4.8,Bull,Bull,Bull,Bear,Mixed,red,-1.4,+5.58L,+0.03L,Call writing,Put buying,WAIT,NO,"BB hit, TFs mixed"
2026-08-14,10:03,24350.85,TOP,24326.97,24339.21,24351.46,0.975,23.9,-0.6,Bull,Bull,Bull,Bull,4Bull,green,6.05,-6.47L,+7.61L,Call short cover,Put writing,CALL BUY,NO,Opposite: 4 Bull at TOP
2026-08-14,10:04,24348.95,TOP,24328.04,24340.18,24352.31,0.862,20.9,-3.4,Bull,Bull,Bull,Bear,Mixed,red,-1.9,-4.79L,-2.75L,Call long unwind,Put short cover,WAIT,NO,"BB hit, TFs mixed"
2026-08-14,10:05,24350.7,TOP,24328.77,24341.11,24353.45,0.889,21.9,-2.8,Bull,Bull,Bull,Bull,4Bull,green,1.75,-0.20L,+5.74L,Call short cover,Put writing,CALL BUY,NO,Opposite: 4 Bull at TOP
2026-08-14,10:08,24352.85,TOP,24328.63,24342.13,24355.64,0.897,24.2,-2.8,Bull,Bull,Bull,Bull,4Bull,green,9.5,-3.43L,+3.91L,Call short cover,Put writing,CALL BUY,NO,Opposite: 4 Bull at TOP
2026-08-14,10:10,24353.65,TOP,24328.33,24343.13,24357.94,0.855,25.3,-4.3,Bull,Bull,Bull,Bull,4Bull,green,2.95,+0.62L,+4.34L,Call long build,Put writing,CALL BUY,NO,Opposite: 4 Bull at TOP
2026-08-14,10:11,24358.2,TOP,24327.91,24344.03,24360.15,0.94,30.3,-2,Bull,Bull,Bull,Bull,4Bull,green,4.55,-0.36L,+2.16L,Call short cover,Put writing,WAIT,NO,Opposite: 4 Bull at TOP
2026-08-14,10:17,24342.4,BOTTOM,24337.58,24347.41,24357.24,0.245,4.8,-14.8,Bear,Bear,Bear,Bear,4Bear,red,-2,+2.90L,+3.23L,Call writing,Put buying,PUT BUY,NO,Opposite: 4 Bear at BOTTOM
2026-08-14,10:19,24339.7,BOTTOM,24338.43,24347.64,24356.85,0.069,1.3,-17.1,Bear,Bear,Bear,Bear,4Bear,red,-4.2,+2.67L,-1.64L,Call writing,Put short cover,WAIT,NO,Opposite: 4 Bear at BOTTOM
2026-08-14,10:20,24337.05,BOTTOM,24337.12,24347.31,24357.49,-0.003,-0.1,-20.4,Bear,Bear,Bear,Bear,4Bear,red,-2.65,-0.50L,+3.54L,Call long unwind,Put buying,PUT BUY,NO,Opposite: 4 Bear at BOTTOM
2026-08-14,10:21,24335.4,BOTTOM,24335.33,24346.77,24358.2,0.003,0.1,-22.8,Bear,Bear,Bear,Bear,4Bear,red,-1.65,-0.07L,+4.47L,Call long unwind,Put buying,PUT BUY,NO,Opposite: 4 Bear at BOTTOM
2026-08-14,10:22,24336.25,BOTTOM,24334.04,24346.34,24358.64,0.09,2.2,-22.4,Bear,Bear,Bear,Bull,Mixed,green,0.85,+4.20L,+4.14L,Call long build,Put writing,CALL BUY,NO,"BB hit, TFs mixed"
2026-08-14,10:23,24335.6,BOTTOM,24332.61,24345.58,24358.54,0.115,3,-22.9,Bear,Bear,Bear,Bear,4Bear,red,-0.65,-0.62L,+0.72L,Call long unwind,Put buying,WAIT,NO,Opposite: 4 Bear at BOTTOM
2026-08-14,10:24,24334.25,BOTTOM,24331.08,24344.84,24358.6,0.115,3.2,-24.3,Bear,Bear,Bear,Bear,4Bear,red,-1.35,+2.77L,+0.21L,Call writing,Put buying,WAIT,NO,Opposite: 4 Bear at BOTTOM
2026-08-14,10:25,24334.9,BOTTOM,24329.92,24344.05,24358.18,0.176,5,-23.3,Bear,Bear,Bear,Bull,Mixed,green,0.65,+1.85L,-1.18L,Call long build,Put long unwind,WAIT,NO,"BB hit, TFs mixed"
2026-08-14,10:27,24332.2,BOTTOM,24327.44,24342.75,24358.06,0.155,4.8,-25.9,Bear,Bear,Bear,Bear,4Bear,red,-2.15,+4.08L,+1.09L,Call writing,Put buying,WAIT,NO,Opposite: 4 Bear at BOTTOM
2026-08-14,10:31,24327.4,BOTTOM,24325.56,24338.21,24350.86,0.073,1.8,-23.5,Bear,Bear,Bear,Bear,4Bear,red,-3.35,+1.80L,-0.34L,Call writing,Put short cover,WAIT,NO,Opposite: 4 Bear at BOTTOM
2026-08-14,10:32,24312.8,BOTTOM,24321.15,24336.17,24351.2,-0.278,-8.4,-38.4,Bear,Bear,Bear,Bear,4Bear,red,-14.6,+1.97L,-14.23L,Call writing,Put short cover,WAIT,NO,Opposite: 4 Bear at BOTTOM
2026-08-14,10:33,24303.75,BOTTOM,24314.18,24334,24353.82,-0.263,-10.4,-50.1,Bear,Bear,Bear,Bear,4Bear,red,-9.05,+10.22L,-14.96L,Call writing,Put short cover,WAIT,NO,Opposite: 4 Bear at BOTTOM
2026-08-14,10:34,24303.6,BOTTOM,24308.73,24331.97,24355.2,-0.11,-5.1,-51.6,Bear,Bear,Bear,Flat,Mixed,red,-0.15,+13.79L,-26.84L,Call writing,Put short cover,WAIT,NO,"BB hit, TFs mixed"
2026-08-14,10:35,24307.6,BOTTOM,24305.33,24330.14,24354.94,0.046,2.3,-47.3,Bear,Bear,Bear,Bull,Mixed,green,4,+14.23L,-12.42L,Call long build,Put long unwind,WAIT,NO,"BB hit, TFs mixed"
2026-08-14,10:49,24335,TOP,24302.54,24319.87,24337.21,0.936,32.5,-2.2,Bull,Bull,Bull,Bull,4Bull,green,4.7,+0.55L,+0.47L,Call long build,Put writing,WAIT,NO,Opposite: 4 Bull at TOP
2026-08-14,10:51,24335.35,TOP,24301.83,24320.34,24338.84,0.906,33.5,-3.5,Bull,Bull,Bull,Bull,4Bull,green,3.25,-3.39L,+4.82L,Call short cover,Put writing,CALL BUY,NO,Opposite: 4 Bull at TOP
2026-08-14,10:52,24336.35,TOP,24302.1,24321.51,24340.93,0.882,34.3,-4.6,Bull,Bull,Bull,Bull,4Bull,green,1,-0.50L,+0.97L,Call short cover,Put writing,WAIT,NO,Opposite: 4 Bull at TOP
2026-08-14,10:54,24337,TOP,24307.76,24324.66,24341.57,0.865,29.2,-4.6,Bull,Bull,Bull,Bull,4Bull,green,3.65,-4.34L,+5.53L,Call short cover,Put writing,CALL BUY,NO,Opposite: 4 Bull at TOP
2026-08-14,10:59,24317.3,BOTTOM,24315.94,24328.26,24340.59,0.055,1.4,-23.3,Bear,Bear,Bear,Bear,4Bear,red,-7.2,-4.29L,+4.78L,Call long unwind,Put buying,PUT BUY,NO,Opposite: 4 Bear at BOTTOM
2026-08-14,11:00,24310.8,BOTTOM,24313.42,24327.7,24341.98,-0.092,-2.6,-31.2,Bear,Bear,Bear,Bear,4Bear,red,-6.5,-1.74L,-6.41L,Call long unwind,Put short cover,WAIT,NO,Opposite: 4 Bear at BOTTOM
2026-08-14,11:01,24308.95,BOTTOM,24311.08,24327.18,24343.28,-0.066,-2.1,-34.3,Bear,Bear,Bear,Bear,4Bear,red,-1.85,+6.40L,-14.11L,Call writing,Put short cover,WAIT,NO,Opposite: 4 Bear at BOTTOM
2026-08-14,11:02,24308.9,BOTTOM,24308.68,24326.53,24344.39,0.006,0.2,-35.5,Bear,Bear,Bear,Flat,Mixed,red,-0.05,+8.90L,-7.89L,Call writing,Put short cover,WAIT,NO,"BB hit, TFs mixed"
2026-08-14,11:17,24318.95,TOP,24308.37,24315.83,24323.29,0.709,10.6,-4.3,Bull,Bull,Bull,Bull,4Bull,green,0.8,+0.04L,-8.72L,Call long build,Put long unwind,WAIT,NO,Opposite: 4 Bull at TOP
2026-08-14,11:18,24322.15,TOP,24308.75,24315.71,24322.68,0.962,13.4,-0.5,Bull,Bull,Bull,Bull,4Bull,green,3.2,+4.40L,-1.59L,Call long build,Put long unwind,WAIT,NO,Opposite: 4 Bull at TOP
2026-08-14,11:19,24323.8,TOP,24308.25,24316.04,24323.82,0.998,15.5,0,Bull,Bull,Bull,Bull,4Bull,green,1.65,+2.03L,+0.22L,Call long build,Put writing,WAIT,NO,Opposite: 4 Bull at TOP
2026-08-14,11:20,24327.65,TOP,24307.98,24316.88,24325.78,1.105,19.7,1.9,Bull,Bull,Bull,Bull,4Bull,green,3.85,-3.96L,-4.42L,Call short cover,Put long unwind,WAIT,NO,Opposite: 4 Bull at TOP
2026-08-14,11:21,24326.85,TOP,24308.64,24317.78,24326.91,0.997,18.2,-0.1,Bull,Bull,Bull,Bear,Mixed,red,-0.8,-0.72L,+2.62L,Call long unwind,Put buying,PUT BUY,NO,"BB hit, TFs mixed"
2026-08-14,11:22,24330.7,TOP,24309.05,24318.86,24328.68,1.103,21.7,2,Bull,Bull,Bull,Bull,4Bull,green,3.85,-2.41L,+1.00L,Call short cover,Put writing,WAIT,NO,Opposite: 4 Bull at TOP
2026-08-14,11:23,24326.25,TOP,24309.04,24319.33,24329.61,0.837,17.2,-3.4,Bull,Bull,Bear,Bear,Mixed,red,-4.45,-4.84L,+2.26L,Call long unwind,Put buying,WAIT,NO,"BB hit, TFs mixed"
2026-08-14,11:24,24326.8,TOP,24308.97,24319.74,24330.51,0.828,17.8,-3.7,Bull,Bull,Flat,Bull,Mixed,green,0.55,+0.51L,+5.25L,Call long build,Put writing,CALL BUY,NO,"BB hit, TFs mixed"
2026-08-14,11:30,24315.25,BOTTOM,24311.04,24321.18,24331.32,0.208,4.2,-16.1,Flat,Bear,Bear,Bear,Mixed,red,-2,+3.65L,-9.64L,Call writing,Put short cover,WAIT,NO,"BB hit, TFs mixed"
2026-08-14,11:31,24312.45,BOTTOM,24310.24,24320.95,24331.65,0.103,2.2,-19.2,Bear,Bear,Bear,Bear,4Bear,red,-2.8,+2.82L,-4.87L,Call writing,Put short cover,WAIT,NO,Opposite: 4 Bear at BOTTOM
2026-08-14,11:38,24313.9,BOTTOM,24310.79,24321.14,24331.48,0.15,3.1,-17.6,Bear,Bear,Bear,Bear,4Bear,red,-3.6,+0.63L,+1.28L,Call writing,Put buying,WAIT,NO,Opposite: 4 Bear at BOTTOM
2026-08-14,11:44,24327.35,TOP,24311.8,24319.67,24327.54,0.988,15.5,-0.2,Bull,Bull,Bull,Bull,4Bull,green,5.35,-3.63L,-0.21L,Call short cover,Put long unwind,WAIT,NO,Opposite: 4 Bull at TOP
2026-08-14,11:45,24327.85,TOP,24311.53,24319.78,24328.03,0.989,16.3,-0.2,Bull,Bull,Bull,Flat,Mixed,green,0.5,-5.06L,-2.48L,Call short cover,Put long unwind,WAIT,NO,"BB hit, TFs mixed"
2026-08-14,11:46,24329.6,TOP,24311.06,24319.95,24328.84,1.043,18.5,0.8,Bull,Bull,Bull,Bull,4Bull,green,1.75,+0.20L,+4.48L,Call long build,Put writing,CALL BUY,NO,Opposite: 4 Bull at TOP
2026-08-14,11:47,24336.2,TOP,24309.35,24320.72,24332.09,1.181,26.9,4.1,Bull,Bull,Bull,Bull,4Bull,green,6.6,-4.17L,+0.21L,Call short cover,Put writing,WAIT,NO,Opposite: 4 Bull at TOP
2026-08-14,11:48,24332.75,TOP,24308.89,24321.38,24333.88,0.955,23.9,-1.1,Bull,Bull,Bull,Bear,Mixed,red,-3.45,-4.86L,+4.33L,Call long unwind,Put buying,PUT BUY,NO,"BB hit, TFs mixed"
2026-08-14,11:53,24333.05,TOP,24313.22,24325,24336.79,0.841,19.8,-3.7,Bull,Flat,Bull,Bull,Mixed,green,3,+2.40L,+0.66L,Call long build,Put writing,WAIT,NO,"BB hit, TFs mixed"
2026-08-14,11:56,24333.6,TOP,24314.89,24326.75,24338.6,0.789,18.7,-5,Bull,Bull,Bull,Bull,4Bull,green,3.85,+0.08L,+2.30L,Call long build,Put writing,WAIT,NO,Opposite: 4 Bull at TOP
2026-08-14,12:01,24325.3,BOTTOM,24321.79,24328.87,24335.95,0.248,3.5,-10.7,Bear,Bear,Bear,Bear,4Bear,red,-1.65,+2.63L,+1.64L,Call writing,Put buying,WAIT,NO,Opposite: 4 Bear at BOTTOM
2026-08-14,12:02,24322.9,BOTTOM,24322.14,24328.94,24335.74,0.056,0.8,-12.8,Bear,Bear,Bear,Bear,4Bear,red,-2.4,-1.15L,+2.33L,Call long unwind,Put buying,WAIT,NO,Opposite: 4 Bear at BOTTOM
2026-08-14,12:03,24324.15,BOTTOM,24322.63,24329.05,24335.47,0.118,1.5,-11.3,Bear,Bear,Bear,Bull,Mixed,green,1.25,-1.11L,+0.85L,Call short cover,Put writing,WAIT,NO,"BB hit, TFs mixed"
2026-08-14,12:04,24322.65,BOTTOM,24321.85,24328.82,24335.78,0.058,0.8,-13.1,Bear,Bear,Bear,Bear,4Bear,red,-1.5,+1.04L,-0.31L,Call writing,Put short cover,WAIT,NO,Opposite: 4 Bear at BOTTOM
2026-08-14,12:05,24321.85,BOTTOM,24320.92,24328.52,24336.11,0.061,0.9,-14.3,Bear,Bear,Bear,Bear,4Bear,red,-0.8,+1.10L,-0.95L,Call writing,Put short cover,WAIT,NO,Opposite: 4 Bear at BOTTOM
2026-08-14,12:07,24333.55,TOP,24321.12,24328.26,24335.39,0.871,12.4,-1.8,Bull,Bull,Bull,Bull,4Bull,green,6.5,+4.45L,-11.75L,Call long build,Put long unwind,WAIT,NO,Opposite: 4 Bull at TOP
2026-08-14,12:08,24338.2,TOP,24320.38,24328.53,24336.67,1.094,17.8,1.5,Bull,Bull,Bull,Bull,4Bull,green,4.65,+1.95L,+0.52L,Call long build,Put writing,WAIT,NO,Opposite: 4 Bull at TOP
2026-08-14,12:09,24335,TOP,24320.22,24328.84,24337.46,0.857,14.8,-2.5,Bull,Bull,Bull,Bear,Mixed,red,-3.2,+3.35L,+0.38L,Call writing,Put buying,WAIT,NO,"BB hit, TFs mixed"
2026-08-14,12:10,24335.95,TOP,24320.13,24329.26,24338.39,0.866,15.8,-2.4,Bull,Bull,Bull,Bull,4Bull,green,0.95,-0.23L,+3.20L,Call short cover,Put writing,CALL BUY,NO,Opposite: 4 Bull at TOP
2026-08-14,12:11,24338.45,TOP,24319.73,24329.7,24339.67,0.939,18.7,-1.2,Bull,Bull,Flat,Bull,Mixed,green,2.5,-2.65L,+2.35L,Call short cover,Put writing,WAIT,NO,"BB hit, TFs mixed"
2026-08-14,12:12,24342.1,TOP,24318.96,24330.3,24341.65,1.02,23.1,0.4,Bull,Bull,Bull,Bull,4Bull,green,3.65,-3.44L,-1.84L,Call short cover,Put long unwind,WAIT,NO,Opposite: 4 Bull at TOP
2026-08-14,12:13,24339.5,TOP,24318.64,24330.62,24342.61,0.87,20.9,-3.1,Bull,Bull,Bull,Bear,Mixed,red,-2.6,-2.75L,+1.05L,Call long unwind,Put buying,WAIT,NO,"BB hit, TFs mixed"
2026-08-14,12:14,24340.55,TOP,24318.32,24331.06,24343.8,0.873,22.2,-3.3,Bull,Bull,Bull,Bull,4Bull,green,1.05,+0.99L,+4.83L,Call long build,Put writing,CALL BUY,NO,Opposite: 4 Bull at TOP
2026-08-14,12:15,24342.5,TOP,24318.04,24331.69,24345.35,0.896,24.5,-2.8,Bull,Bull,Flat,Bull,Mixed,green,1.95,-1.09L,+2.91L,Call short cover,Put writing,CALL BUY,NO,"BB hit, TFs mixed"
2026-08-14,12:16,24342.7,TOP,24317.69,24332.15,24346.61,0.865,25,-3.9,Bull,Bull,Bull,Flat,Mixed,green,0.2,-6.21L,+4.44L,Call short cover,Put writing,CALL BUY,NO,"BB hit, TFs mixed"
2026-08-14,12:17,24343.45,TOP,24317.66,24332.86,24348.06,0.848,25.8,-4.6,Bull,Bull,Bull,Bull,4Bull,green,0.75,-3.61L,+3.12L,Call short cover,Put writing,CALL BUY,NO,Opposite: 4 Bull at TOP
2026-08-14,12:19,24346.1,TOP,24318.33,24334.66,24350.99,0.85,27.8,-4.9,Bull,Bull,Bull,Bull,4Bull,green,1.8,-0.49L,-0.60L,Call short cover,Put long unwind,WAIT,NO,Opposite: 4 Bull at TOP
2026-08-14,12:20,24348.65,TOP,24318.74,24335.74,24352.75,0.88,29.9,-4.1,Bull,Bull,Bull,Bull,4Bull,green,2.55,-14.04L,+0.11L,Call short cover,Put writing,WAIT,NO,Opposite: 4 Bull at TOP
2026-08-14,12:24,24351,TOP,24326.26,24340.73,24355.2,0.855,24.7,-4.2,Bull,Bull,Bull,Bull,4Bull,green,1.6,+0.15L,+3.99L,Call long build,Put writing,CALL BUY,NO,Opposite: 4 Bull at TOP
2026-08-14,12:25,24352.6,TOP,24329.74,24342.26,24354.79,0.913,22.9,-2.2,Bull,Bull,Bull,Bull,4Bull,green,1.6,-1.85L,+3.12L,Call short cover,Put writing,CALL BUY,NO,Opposite: 4 Bull at TOP
2026-08-14,12:26,24349.4,TOP,24332.62,24343.38,24354.14,0.78,16.8,-4.7,Bull,Bull,Flat,Bear,Mixed,red,-3.2,-8.89L,+2.32L,Call long unwind,Put buying,WAIT,NO,"BB hit, TFs mixed"
2026-08-14,12:32,24342.5,BOTTOM,24339.23,24345.88,24352.52,0.246,3.3,-10,Bear,Bear,Bear,Bear,4Bear,red,-2.7,-4.71L,+1.91L,Call long unwind,Put buying,WAIT,NO,Opposite: 4 Bear at BOTTOM
2026-08-14,12:33,24342.3,BOTTOM,24339.81,24346.01,24352.22,0.201,2.5,-9.9,Bear,Bear,Bear,Flat,Mixed,red,-0.2,-1.64L,+1.81L,Call long unwind,Put buying,WAIT,NO,"BB hit, TFs mixed"
2026-08-14,12:34,24344.5,BOTTOM,24340.48,24346.21,24351.94,0.351,4,-7.4,Bear,Bear,Bear,Bull,Mixed,green,2.2,+0.75L,+0.13L,Call long build,Put writing,WAIT,NO,"BB hit, TFs mixed"
2026-08-14,12:35,24342.55,BOTTOM,24340.49,24346.21,24351.94,0.18,2.1,-9.4,Bear,Bear,Flat,Bear,Mixed,red,-1.95,+2.92L,-4.26L,Call writing,Put short cover,WAIT,NO,"BB hit, TFs mixed"
2026-08-14,12:36,24344.05,BOTTOM,24340.7,24346.28,24351.87,0.3,3.3,-7.8,Bear,Bear,Bull,Bull,Mixed,green,1.5,+1.01L,+4.33L,Call long build,Put writing,CALL BUY,NO,"BB hit, TFs mixed"
2026-08-14,12:37,24341,BOTTOM,24340.23,24346.16,24352.09,0.065,0.8,-11.1,Bear,Bear,Bear,Bear,4Bear,red,-3.05,+2.36L,+0.20L,Call writing,Put buying,WAIT,NO,Opposite: 4 Bear at BOTTOM
2026-08-14,12:38,24341.9,BOTTOM,24339.88,24346.04,24352.2,0.164,2,-10.3,Bear,Flat,Bear,Bull,Mixed,green,0.9,-1.84L,+2.47L,Call short cover,Put writing,WAIT,NO,"BB hit, TFs mixed"
2026-08-14,12:39,24343.55,BOTTOM,24339.65,24345.91,24352.17,0.311,3.9,-8.6,Bear,Bear,Flat,Bull,Mixed,green,1.65,-0.00L,+0.32L,Call short cover,Put writing,WAIT,NO,"BB hit, TFs mixed"
2026-08-14,12:40,24341.95,BOTTOM,24339.22,24345.58,24351.93,0.215,2.7,-10,Bear,Bear,Bull,Bear,Mixed,red,-1.6,+1.57L,-4.28L,Call writing,Put short cover,WAIT,NO,"BB hit, TFs mixed"
2026-08-14,12:41,24340.95,BOTTOM,24338.65,24345.27,24351.88,0.174,2.3,-10.9,Bear,Bear,Bear,Bear,4Bear,red,-1,+1.01L,+1.61L,Call writing,Put buying,WAIT,NO,Opposite: 4 Bear at BOTTOM
2026-08-14,12:42,24335.25,BOTTOM,24336.82,24344.67,24352.53,-0.1,-1.6,-17.3,Bear,Bear,Bear,Bear,4Bear,red,-5.7,-1.90L,+0.26L,Call long unwind,Put buying,WAIT,NO,Opposite: 4 Bear at BOTTOM
2026-08-14,12:43,24334.6,BOTTOM,24335.25,24343.94,24352.62,-0.037,-0.7,-18,Bear,Bear,Bear,Bear,4Bear,red,-0.65,-4.69L,+0.38L,Call long unwind,Put buying,WAIT,NO,Opposite: 4 Bear at BOTTOM
2026-08-14,12:44,24336.6,BOTTOM,24334.61,24343.22,24351.82,0.116,2,-15.2,Bear,Bear,Bear,Bull,Mixed,green,2,-0.37L,+1.00L,Call short cover,Put writing,WAIT,NO,"BB hit, TFs mixed"
2026-08-14,12:45,24336.65,BOTTOM,24334.51,24342.42,24350.33,0.135,2.1,-13.7,Bear,Bear,Bull,Flat,Mixed,green,0.05,+0.69L,-3.49L,Call long build,Put long unwind,WAIT,NO,"BB hit, TFs mixed"
2026-08-14,12:46,24336.75,BOTTOM,24334.19,24341.78,24349.38,0.168,2.6,-12.6,Bear,Bear,Bull,Flat,Mixed,green,0.1,+1.85L,-1.61L,Call long build,Put long unwind,WAIT,NO,"BB hit, TFs mixed"
2026-08-14,12:47,24338.25,BOTTOM,24333.87,24341.43,24348.99,0.29,4.4,-10.7,Bear,Bull,Bull,Bull,Mixed,green,1.5,+1.94L,-4.32L,Call long build,Put long unwind,WAIT,NO,"BB hit, TFs mixed"
2026-08-14,12:49,24344.55,TOP,24333.92,24340.96,24348,0.755,10.6,-3.5,Flat,Bull,Bull,Bull,Mixed,green,5.65,-4.35L,-12.82L,Call short cover,Put long unwind,WAIT,NO,"BB hit, TFs mixed"
2026-08-14,12:50,24346,TOP,24334.07,24340.9,24347.73,0.873,11.9,-1.7,Bull,Bull,Bull,Bull,4Bull,green,1.45,+1.83L,+3.70L,Call long build,Put writing,CALL BUY,NO,Opposite: 4 Bull at TOP
2026-08-14,12:51,24348.1,TOP,24333.75,24341.04,24348.34,0.983,14.3,-0.2,Bull,Bull,Bull,Bull,4Bull,green,2.1,+3.72L,+4.90L,Call long build,Put writing,CALL BUY,NO,Opposite: 4 Bull at TOP
2026-08-14,12:52,24349,TOP,24333.3,24341.37,24349.44,0.973,15.7,-0.4,Bull,Bull,Bull,Bull,4Bull,green,0.9,+0.58L,+1.80L,Call long build,Put writing,WAIT,NO,Opposite: 4 Bull at TOP
2026-08-14,12:53,24349.95,TOP,24332.86,24341.75,24350.64,0.961,17.1,-0.7,Bull,Bull,Bull,Bull,4Bull,green,0.95,-2.90L,+1.42L,Call short cover,Put writing,WAIT,NO,Opposite: 4 Bull at TOP
2026-08-14,12:54,24348.75,TOP,24332.63,24341.97,24351.3,0.863,16.1,-2.5,Bull,Bull,Bull,Bear,Mixed,red,-1.2,+0.35L,+1.93L,Call writing,Put buying,WAIT,NO,"BB hit, TFs mixed"
2026-08-14,12:55,24349.5,TOP,24332.41,24342.31,24352.21,0.863,17.1,-2.7,Bull,Bull,Flat,Bull,Mixed,green,0.75,-3.66L,+4.45L,Call short cover,Put writing,CALL BUY,NO,"BB hit, TFs mixed"
2026-08-14,12:56,24350.2,TOP,24332.16,24342.62,24353.08,0.862,18,-2.9,Bull,Bull,Flat,Bull,Mixed,green,0.7,+0.81L,+2.40L,Call long build,Put writing,WAIT,NO,"BB hit, TFs mixed"
2026-08-14,12:57,24350.65,TOP,24332.11,24343.1,24354.1,0.843,18.5,-3.4,Bull,Bull,Bull,Flat,Mixed,green,0.45,-0.84L,+2.63L,Call short cover,Put writing,CALL BUY,NO,"BB hit, TFs mixed"
2026-08-14,13:07,24344.5,BOTTOM,24341.73,24347.06,24352.39,0.26,2.8,-7.9,Bear,Bear,Bear,Bear,4Bear,red,-1.25,+0.68L,+0.40L,Call writing,Put buying,WAIT,NO,Opposite: 4 Bear at BOTTOM
2026-08-14,13:08,24342.3,BOTTOM,24342.81,24347.23,24351.64,-0.058,-0.5,-9.3,Bear,Bear,Bear,Bear,4Bear,red,-2.2,-2.23L,-1.71L,Call long unwind,Put short cover,WAIT,NO,Opposite: 4 Bear at BOTTOM
2026-08-14,13:09,24342,BOTTOM,24342.26,24347.1,24351.94,-0.026,-0.3,-9.9,Bear,Bear,Bear,Flat,Mixed,red,-0.3,-3.30L,+1.13L,Call long unwind,Put buying,WAIT,NO,"BB hit, TFs mixed"
2026-08-14,13:10,24342.55,BOTTOM,24341.71,24346.93,24352.15,0.081,0.8,-9.6,Bear,Bear,Bear,Bull,Mixed,green,0.55,-0.80L,+1.44L,Call short cover,Put writing,WAIT,NO,"BB hit, TFs mixed"
2026-08-14,13:11,24343.95,BOTTOM,24341.37,24346.72,24352.07,0.241,2.6,-8.1,Bear,Bear,Bull,Bull,Mixed,green,1.4,+0.04L,-1.32L,Call long build,Put long unwind,WAIT,NO,"BB hit, TFs mixed"
2026-08-14,13:12,24344.05,BOTTOM,24341.11,24346.47,24351.83,0.274,2.9,-7.8,Bear,Flat,Bull,Flat,Mixed,green,0.1,+0.93L,-2.78L,Call long build,Put long unwind,WAIT,NO,"BB hit, TFs mixed"
2026-08-14,13:13,24343.35,BOTTOM,24340.87,24346.14,24351.42,0.235,2.5,-8.1,Bear,Bull,Bull,Bear,Mixed,red,-0.7,-0.45L,+2.97L,Call long unwind,Put buying,PUT BUY,NO,"BB hit, TFs mixed"
2026-08-14,13:14,24345.55,BOTTOM,24340.84,24345.98,24351.12,0.458,4.7,-5.6,Flat,Bull,Bull,Bull,Mixed,green,2.2,+0.59L,+0.01L,Call long build,Put writing,WAIT,NO,"BB hit, TFs mixed"
2026-08-14,13:15,24345.75,BOTTOM,24340.92,24345.79,24350.67,0.495,4.8,-4.9,Bear,Bull,Bull,Flat,Mixed,green,0.2,-0.31L,+0.33L,Call short cover,Put writing,WAIT,NO,"BB hit, TFs mixed"
2026-08-14,13:16,24345.65,BOTTOM,24341.13,24345.57,24350.01,0.509,4.5,-4.4,Bear,Bull,Bull,Flat,Mixed,red,-0.1,+0.34L,-0.03L,Call writing,Put short cover,WAIT,NO,"BB hit, TFs mixed"
2026-08-14,13:17,24341.8,BOTTOM,24341.05,24345.12,24349.2,0.092,0.8,-7.4,Bear,Bear,Bear,Bear,4Bear,red,-3.85,+1.88L,+0.67L,Call writing,Put buying,WAIT,NO,Opposite: 4 Bear at BOTTOM
2026-08-14,13:18,24344.45,BOTTOM,24341.06,24344.96,24348.85,0.435,3.4,-4.4,Bear,Bull,Bear,Bull,Mixed,green,2.65,-3.52L,-1.15L,Call short cover,Put long unwind,WAIT,NO,"BB hit, TFs mixed"
2026-08-14,13:19,24345.3,BOTTOM,24341.07,24344.97,24348.86,0.543,4.2,-3.6,Bear,Flat,Flat,Bull,Mixed,green,0.85,-0.34L,+0.84L,Call short cover,Put writing,WAIT,NO,"BB hit, TFs mixed"
2026-08-14,13:20,24343.85,BOTTOM,24341.37,24344.68,24348,0.374,2.5,-4.2,Bear,Bear,Bull,Bear,Mixed,red,-1.45,+0.61L,+0.66L,Call writing,Put buying,WAIT,NO,"BB hit, TFs mixed"
2026-08-14,13:21,24344.35,BOTTOM,24341.47,24344.52,24347.58,0.471,2.9,-3.2,Bear,Bear,Flat,Flat,Mixed,green,0.5,-0.05L,+1.23L,Call short cover,Put writing,WAIT,NO,"BB hit, TFs mixed"
2026-08-14,13:22,24344.9,BOTTOM,24341.55,24344.43,24347.32,0.581,3.4,-2.4,Flat,Bull,Flat,Bull,Mixed,green,0.55,-0.58L,+1.35L,Call short cover,Put writing,WAIT,NO,"BB hit, TFs mixed"
2026-08-14,13:23,24343.9,BOTTOM,24341.64,24344.28,24346.91,0.429,2.3,-3,Bull,Bear,Flat,Bear,Mixed,red,-1,-0.45L,+0.48L,Call long unwind,Put buying,WAIT,NO,"BB hit, TFs mixed"
2026-08-14,13:24,24343.05,BOTTOM,24341.64,24344.1,24346.56,0.287,1.4,-3.5,Bull,Bear,Bear,Bear,Mixed,red,-0.85,-0.62L,-0.10L,Call long unwind,Put short cover,WAIT,NO,"BB hit, TFs mixed"
2026-08-14,13:25,24344.1,BOTTOM,24341.63,24344.06,24346.48,0.509,2.5,-2.4,Bull,Flat,Bear,Bull,Mixed,green,1.05,-0.06L,-0.46L,Call short cover,Put long unwind,WAIT,NO,"BB hit, TFs mixed"
2026-08-14,13:26,24338.75,BOTTOM,24340.47,24343.7,24346.94,-0.266,-1.7,-8.2,Bear,Bear,Bear,Bear,4Bear,red,-5.35,+0.48L,-1.55L,Call writing,Put short cover,WAIT,NO,Opposite: 4 Bear at BOTTOM
2026-08-14,13:27,24338.7,BOTTOM,24339.54,24343.41,24347.29,-0.109,-0.8,-8.6,Bear,Bear,Bear,Flat,Mixed,red,-0.05,-3.18L,-1.79L,Call long unwind,Put short cover,WAIT,NO,"BB hit, TFs mixed"
2026-08-14,13:28,24338.95,BOTTOM,24338.93,24343.25,24347.56,0.002,0,-8.6,Bear,Bear,Bear,Flat,Mixed,green,0.25,+0.18L,+4.25L,Call long build,Put writing,CALL BUY,NO,"BB hit, TFs mixed"
2026-08-14,13:29,24341.75,BOTTOM,24338.9,24343.24,24347.57,0.329,2.8,-5.8,Bear,Bear,Bull,Bull,Mixed,green,2.8,+0.55L,+2.35L,Call long build,Put writing,WAIT,NO,"BB hit, TFs mixed"
2026-08-14,13:30,24340,BOTTOM,24338.56,24343.11,24347.66,0.159,1.4,-7.7,Bear,Bear,Bull,Bear,Mixed,red,-1.75,-0.53L,+0.23L,Call long unwind,Put buying,WAIT,NO,"BB hit, TFs mixed"
2026-08-14,13:31,24340,BOTTOM,24338.18,24342.91,24347.64,0.192,1.8,-7.6,Bear,Bull,Bull,Flat,Mixed,doji,0,+1.07L,-3.02L,Call flat,Put flat,WAIT,NO,"BB hit, TFs mixed"
2026-08-14,13:32,24338.9,BOTTOM,24337.65,24342.65,24347.66,0.125,1.3,-8.8,Bear,Flat,Bear,Bear,Mixed,red,-1.1,-0.02L,-0.20L,Call long unwind,Put short cover,WAIT,NO,"BB hit, TFs mixed"
2026-08-14,13:33,24334.55,BOTTOM,24336.11,24342.21,24348.32,-0.127,-1.6,-13.8,Bear,Bear,Bear,Bear,4Bear,red,-4.35,+0.01L,-6.61L,Call writing,Put short cover,WAIT,NO,Opposite: 4 Bear at BOTTOM
2026-08-14,13:34,24332.85,BOTTOM,24334.44,24341.58,24348.72,-0.111,-1.6,-15.9,Bear,Bear,Bear,Bear,4Bear,red,-1.7,-0.96L,-2.96L,Call long unwind,Put short cover,WAIT,NO,Opposite: 4 Bear at BOTTOM
2026-08-14,13:35,24330.25,BOTTOM,24332.39,24340.8,24349.21,-0.127,-2.1,-19,Bear,Bear,Bear,Bear,4Bear,red,-2.6,+1.02L,-5.16L,Call writing,Put short cover,WAIT,NO,Opposite: 4 Bear at BOTTOM
2026-08-14,13:36,24329,BOTTOM,24330.42,24339.97,24349.52,-0.075,-1.4,-20.5,Bear,Bear,Bear,Bear,4Bear,red,-1.25,-3.25L,-8.24L,Call long unwind,Put short cover,WAIT,NO,Opposite: 4 Bear at BOTTOM
2026-08-14,13:37,24330.2,BOTTOM,24328.99,24339.39,24349.79,0.058,1.2,-19.6,Bear,Bear,Bear,Bull,Mixed,green,1.2,+3.94L,-3.89L,Call long build,Put long unwind,WAIT,NO,"BB hit, TFs mixed"
2026-08-14,13:40,24348.3,TOP,24328.28,24338.83,24349.38,0.949,20,-1.1,Bull,Bull,Bull,Bull,4Bull,green,8.85,+0.07L,-5.64L,Call long build,Put long unwind,WAIT,NO,Opposite: 4 Bull at TOP
2026-08-14,13:41,24352.3,TOP,24327.35,24339.22,24351.1,1.051,25,1.2,Bull,Bull,Bull,Bull,4Bull,green,4,+4.33L,-9.91L,Call long build,Put long unwind,WAIT,NO,Opposite: 4 Bull at TOP
2026-08-14,13:42,24350.85,TOP,24326.83,24339.52,24352.22,0.946,24,-1.4,Bull,Bull,Bull,Bear,Mixed,red,-1.45,+1.14L,+3.13L,Call writing,Put buying,PUT BUY,NO,"BB hit, TFs mixed"
2026-08-14,13:43,24352.4,TOP,24326.17,24339.95,24353.72,0.952,26.2,-1.3,Bull,Bull,Bull,Bull,4Bull,green,1.55,-3.13L,+5.59L,Call short cover,Put writing,CALL BUY,NO,Opposite: 4 Bull at TOP
2026-08-14,13:44,24355.85,TOP,24325.2,24340.59,24355.97,0.996,30.6,-0.1,Bull,Bull,Bull,Bull,4Bull,green,3.45,-7.66L,+0.51L,Call short cover,Put writing,WAIT,NO,Opposite: 4 Bull at TOP
2026-08-14,13:45,24357.5,TOP,24324.24,24341.26,24358.28,0.977,33.3,-0.8,Bull,Bull,Bull,Bull,4Bull,green,1.65,-5.14L,-0.90L,Call short cover,Put long unwind,WAIT,NO,Opposite: 4 Bull at TOP
2026-08-14,13:46,24383.4,TOP,24318.52,24343.49,24368.46,1.299,64.9,14.9,Bull,Bull,Bull,Bull,4Bull,green,25.9,-8.54L,+5.25L,Call short cover,Put writing,CALL BUY,NO,Opposite: 4 Bull at TOP
2026-08-14,13:47,24389.55,TOP,24314.13,24346.03,24377.93,1.182,75.4,11.6,Bull,Bull,Bull,Bull,4Bull,green,6.15,-112.56L,-12.75L,Call short cover,Put long unwind,WAIT,NO,Opposite: 4 Bull at TOP
2026-08-14,13:48,24379.75,TOP,24313.17,24348.07,24382.98,0.954,66.6,-3.2,Bull,Bull,Bull,Bear,Mixed,red,-9.8,-24.29L,+11.02L,Call long unwind,Put buying,PUT BUY,NO,"BB hit, TFs mixed"
2026-08-14,14:13,24385.55,BOTTOM,24380.9,24391.72,24402.55,0.215,4.6,-17,Bear,Bear,Bear,Bear,4Bear,red,-2,-0.25L,+1.17L,Call long unwind,Put buying,WAIT,NO,Opposite: 4 Bear at BOTTOM
2026-08-14,14:15,24382.8,BOTTOM,24380.33,24391.56,24402.78,0.11,2.5,-20,Bear,Bear,Bear,Bear,4Bear,red,-3.7,+0.11L,-1.77L,Call writing,Put short cover,WAIT,NO,Opposite: 4 Bear at BOTTOM
2026-08-14,14:16,24384.15,BOTTOM,24380.53,24391.61,24402.69,0.163,3.6,-18.5,Bear,Bear,Bear,Bull,Mixed,green,1.35,-1.75L,+3.19L,Call short cover,Put writing,CALL BUY,NO,"BB hit, TFs mixed"
2026-08-14,14:18,24385.4,BOTTOM,24380.57,24391.61,24402.66,0.219,4.8,-17.3,Bear,Flat,Bull,Bear,Mixed,red,-2.5,+4.70L,-5.13L,Call writing,Put short cover,WAIT,NO,"BB hit, TFs mixed"
2026-08-14,14:19,24382.15,BOTTOM,24379.31,24391.06,24402.81,0.121,2.8,-20.7,Bear,Bear,Bear,Bear,4Bear,red,-3.25,-2.47L,+0.24L,Call long unwind,Put buying,WAIT,NO,Opposite: 4 Bear at BOTTOM
2026-08-14,14:20,24378.55,BOTTOM,24377.46,24390.22,24402.97,0.043,1.1,-24.4,Bear,Bear,Bear,Bear,4Bear,red,-3.6,-2.18L,+6.24L,Call long unwind,Put buying,PUT BUY,NO,Opposite: 4 Bear at BOTTOM
2026-08-14,14:21,24378.7,BOTTOM,24375.96,24389.34,24402.72,0.102,2.7,-24,Bear,Bear,Bear,Flat,Mixed,green,0.15,+0.41L,-0.91L,Call long build,Put long unwind,WAIT,NO,"BB hit, TFs mixed"
2026-08-14,14:22,24376.2,BOTTOM,24374.64,24388.11,24401.59,0.058,1.6,-25.4,Bear,Bear,Bear,Bear,4Bear,red,-2.5,+0.75L,-3.55L,Call writing,Put short cover,WAIT,NO,Opposite: 4 Bear at BOTTOM
2026-08-14,14:23,24373.1,BOTTOM,24373.27,24386.67,24400.06,-0.006,-0.2,-27,Bear,Bear,Bear,Bear,4Bear,red,-3.1,-2.28L,-4.12L,Call long unwind,Put short cover,WAIT,NO,Opposite: 4 Bear at BOTTOM
2026-08-14,14:24,24376.7,BOTTOM,24373.06,24385.46,24397.86,0.147,3.6,-21.2,Bear,Bear,Bear,Bull,Mixed,green,3.6,+0.09L,+0.17L,Call long build,Put writing,WAIT,NO,"BB hit, TFs mixed"
2026-08-14,14:25,24377.15,BOTTOM,24372.6,24384.53,24396.45,0.191,4.6,-19.3,Bear,Bear,Bull,Flat,Mixed,green,0.45,+1.75L,-0.39L,Call long build,Put long unwind,WAIT,NO,"BB hit, TFs mixed"
2026-08-14,14:27,24375.65,BOTTOM,24371.58,24382.92,24394.25,0.18,4.1,-18.6,Bear,Bear,Bear,Bear,4Bear,red,-2.15,+2.69L,-1.64L,Call writing,Put short cover,WAIT,NO,Opposite: 4 Bear at BOTTOM
2026-08-14,14:28,24371.45,BOTTOM,24370.27,24381.91,24393.54,0.051,1.2,-22.1,Bear,Bear,Bear,Bear,4Bear,red,-4.2,+0.73L,-0.53L,Call writing,Put short cover,WAIT,NO,Opposite: 4 Bear at BOTTOM
2026-08-14,14:29,24372.25,BOTTOM,24369.3,24381.01,24392.72,0.126,3,-20.5,Bear,Bear,Bear,Bull,Mixed,green,0.8,-4.87L,-2.53L,Call short cover,Put long unwind,WAIT,NO,"BB hit, TFs mixed"
2026-08-14,14:30,24372.5,BOTTOM,24368.73,24380.09,24391.45,0.166,3.8,-19,Bear,Bear,Bear,Flat,Mixed,green,0.25,-0.46L,-1.02L,Call short cover,Put long unwind,WAIT,NO,"BB hit, TFs mixed"
2026-08-14,14:31,24372.7,BOTTOM,24368.37,24379.24,24390.11,0.199,4.3,-17.4,Bear,Bear,Bull,Flat,Mixed,green,0.2,+1.21L,-1.53L,Call long build,Put long unwind,WAIT,NO,"BB hit, TFs mixed"
2026-08-14,14:32,24372.7,BOTTOM,24367.97,24378.5,24389.02,0.225,4.7,-16.3,Bear,Bear,Flat,Flat,Mixed,doji,0,-0.03L,-4.28L,Call flat,Put flat,WAIT,NO,"BB hit, TFs mixed"
2026-08-14,14:34,24371.7,BOTTOM,24367.33,24377.12,24386.92,0.223,4.4,-15.2,Bear,Bear,Bear,Bear,4Bear,red,-1.2,-2.23L,-1.88L,Call long unwind,Put short cover,WAIT,NO,Opposite: 4 Bear at BOTTOM
2026-08-14,14:36,24371.15,BOTTOM,24366.73,24375.97,24385.2,0.239,4.4,-14,Bear,Bear,Bear,Bear,4Bear,red,-1.55,+1.14L,-0.20L,Call writing,Put short cover,WAIT,NO,Opposite: 4 Bear at BOTTOM
2026-08-14,14:38,24367.45,BOTTOM,24367.68,24374.34,24381,-0.018,-0.2,-13.5,Bear,Bear,Bear,Bear,4Bear,red,-5.9,+4.10L,-3.97L,Call writing,Put short cover,WAIT,NO,Opposite: 4 Bear at BOTTOM
2026-08-14,14:39,24370.35,BOTTOM,24367.93,24373.75,24379.58,0.208,2.4,-9.2,Bear,Bear,Bear,Bull,Mixed,green,2.9,-0.94L,-0.49L,Call short cover,Put long unwind,WAIT,NO,"BB hit, TFs mixed"
2026-08-14,14:40,24369.15,BOTTOM,24367.56,24373.28,24379,0.139,1.6,-9.8,Bear,Bear,Bear,Bear,4Bear,red,-1.2,+1.70L,-4.03L,Call writing,Put short cover,WAIT,NO,Opposite: 4 Bear at BOTTOM
2026-08-14,14:41,24371.45,BOTTOM,24367.73,24372.92,24378.11,0.358,3.7,-6.7,Bear,Flat,Bull,Bull,Mixed,green,2.3,-1.32L,-6.57L,Call short cover,Put long unwind,WAIT,NO,"BB hit, TFs mixed"
2026-08-14,14:42,24372.8,TOP,24367.78,24372.75,24377.72,0.505,5,-4.9,Bear,Bear,Bull,Bull,Mixed,green,1.35,+2.21L,-1.80L,Call long build,Put long unwind,WAIT,NO,"BB hit, TFs mixed"
2026-08-14,14:43,24372.9,TOP,24367.77,24372.74,24377.71,0.516,5.1,-4.8,Bull,Bull,Bull,Flat,Mixed,green,0.1,+0.22L,-3.14L,Call long build,Put long unwind,WAIT,NO,"BB hit, TFs mixed"
2026-08-14,14:44,24371.05,BOTTOM,24367.79,24372.46,24377.13,0.349,3.3,-6.1,Bear,Bull,Flat,Bear,Mixed,red,-1.85,+1.24L,-6.72L,Call writing,Put short cover,WAIT,NO,"BB hit, TFs mixed"
2026-08-14,14:45,24369.45,BOTTOM,24367.76,24372.07,24376.39,0.196,1.7,-6.9,Bear,Flat,Bear,Bear,Mixed,red,-1.6,-0.63L,-2.83L,Call long unwind,Put short cover,WAIT,NO,"BB hit, TFs mixed"
2026-08-14,14:46,24371.45,BOTTOM,24368.33,24371.76,24375.18,0.455,3.1,-3.7,Bear,Flat,Bear,Bull,Mixed,green,2,-2.29L,-4.98L,Call short cover,Put long unwind,WAIT,NO,"BB hit, TFs mixed"
2026-08-14,14:47,24369.1,BOTTOM,24368.32,24371.43,24374.54,0.126,0.8,-5.4,Bear,Bear,Bear,Bear,4Bear,red,-2.35,+2.42L,-3.06L,Call writing,Put short cover,WAIT,NO,Opposite: 4 Bear at BOTTOM
